Index-HCPex,ac,af_l,af_r,ar_l,ar_r,atr_l,atr_r,cbd_l,cbd_r,cbp_l,cbp_r,cbt_l,cbt_r,cst_l,cst_r,fa_l,fa_r,fma,fmi,fx_l,fx_r,ifo_l,ifo_r,ilf_l,ilf_r,mcp,mdlf_l,mdlf_r,or_l,or_r,slf1_l,slf1_r,slf2_l,slf2_r,slf3_l,slf3_r,str_l,str_r,uf_l,uf_r,vof_l,vof_r
361_L_AV,0.113661937,0.00562549,0.000801899,0.017021341,0.006722106,0.104399086,0.012865005,0.017305067,0.002128107,0.003946217,0.000871207,0.047370679,0.002387483,0.008499917,0.005486448,0.001244252,0.000418012,0.021582469,0.007154398,0.565261054,0.036905821,0.040595283,0.0047325,0.011231647,0.000796194,0.00493639,0.013015209,0.002493625,0.042250175,0.007525637,0.003913534,0.001838938,0.001268462,0.000702217,0.000912438,0.000347153,0.015515611,0.003205187,0.039046516,0.002037119,0.002641812,0.000496703
362_L_CeM,0.130852214,0.009431348,0.001102717,0.034858519,0.010662584,0.19580521,0.022646476,0.012529514,0.002384111,0.001744651,0.000803668,0.015909312,0.002000509,0.021903946,0.008561348,0.004145864,0.001043779,0.016844369,0.013897187,0.164526628,0.02042204,0.067708889,0.006900048,0.010507235,0.000889319,0.014264212,0.0250431,0.004120631,0.062711502,0.010477689,0.013321911,0.004520628,0.004403191,0.00130277,0.001764679,0.000642857,0.071821039,0.009145701,0.049896412,0.002762726,0.005179965,0.00067863
363_L_CL,0.079361729,0.004127232,0.000143833,0.010661486,0.002194789,0.137299791,0.005366028,0.01673636,0.002127021,0.001699782,0.000366467,0.058444092,0.000544358,0.008817841,0.001920806,0.000686258,9.76E-05,0.015836194,0.011389062,0.649533748,0.010588701,0.037615793,0.0024013,0.008367431,0.000101642,0.005323384,0.009400047,0.000871996,0.036818128,0.002023134,0.003158147,0.00102646,0.000524134,0.000279227,0.000454951,0.000168459,0.018203509,0.001151458,0.037602249,0.000576918,0.00180907,0.000101214
364_L_CM,0.02806532,0.013996425,0.001381533,0.03926835,0.006372673,0.165091352,0.009636572,0.016861365,0.004274844,0.002733552,0.001552677,0.004804606,0.000719609,0.107104433,0.007051262,0.025120343,0.002657782,0.011727189,0.022032246,0.034130884,0.003942758,0.060497522,0.006066389,0.005335566,0.00060288,0.019287088,0.025227044,0.003591288,0.050812434,0.006528038,0.066161881,0.006468638,0.022742902,0.001867022,0.005541965,0.001123872,0.186080945,0.007535716,0.02723195,0.00160958,0.004675595,0.000533157
365_L_LD,0.098078311,0.004830958,0.000312707,0.012869332,0.003432385,0.04916966,0.002525743,0.021894785,0.002608596,0.006998204,0.001107978,0.069136735,0.00037711,0.005514421,0.002185845,0.0007753,0.000272089,0.016503998,0.005263745,0.742277815,0.011752571,0.030863263,0.002250502,0.013131256,0.000381126,0.002298986,0.007596919,0.001183417,0.03395931,0.00295699,0.001977904,0.000847646,0.000920226,0.000300373,0.000629241,0.000166742,0.01336905,0.000545225,0.039449013,0.00149573,0.001391243,0.00015606
366_L_LGN,0.033548107,0.020988598,0.000785395,0.173921115,0.009413076,0.029510501,0.003162911,0.015645212,0.001989262,0.00198238,0.000704211,0.038214457,0.001442375,0.033250869,0.004095959,0.005444323,0.000703108,0.025184558,0.005656065,0.086957467,0.005114822,0.108445868,0.004886362,0.027184621,0.000765564,0.003592241,0.044261174,0.00328465,0.249749652,0.00968721,0.010477649,0.002390926,0.003952541,0.000766419,0.002286371,0.000422358,0.029879813,0.002527489,0.037015464,0.001203366,0.010597294,0.00059001
367_L_LP,0.07806853,0.008438753,0.000547014,0.018818547,0.00238125,0.122033864,0.004086844,0.022999586,0.002486457,0.005409292,0.001078214,0.034264593,0.000728349,0.007455846,0.002202037,0.002930364,0.000502982,0.013116822,0.014326354,0.567656624,0.00456659,0.059374763,0.00322965,0.015662665,0.000460334,0.002509263,0.015928293,0.001630214,0.060409368,0.003092479,0.005709719,0.001930417,0.001769891,0.000541074,0.001326614,0.000432135,0.030083454,0.001566036,0.050131894,0.001417545,0.002843587,0.000290705
368_L_L-Sg,0.034297593,0.014695284,0.001461535,0.121874736,0.016992853,0.082980092,0.01007786,0.012183825,0.002148012,0.001179205,0.000718753,0.034425346,0.002127611,0.019991535,0.005299638,0.008176393,0.00136418,0.022020847,0.010373749,0.053897654,0.005217589,0.092078687,0.006972912,0.019307196,0.000734838,0.00437001,0.043033852,0.005953627,0.243710394,0.014121294,0.011344888,0.004180563,0.003501989,0.001099818,0.00186783,0.000853812,0.064461499,0.010351756,0.030734565,0.001533418,0.011259993,0.000592682
369_L_MDl,0.081301793,0.007983375,0.000953798,0.022103776,0.004377169,0.334716562,0.014061755,0.029010877,0.004803164,0.005740743,0.002505705,0.00998408,0.00106386,0.00898665,0.003364433,0.014202218,0.001562788,0.012170621,0.041521217,0.092126974,0.008758517,0.10479506,0.007182032,0.008741216,0.000711032,0.003595386,0.018816333,0.002557881,0.046134893,0.00527665,0.01027865,0.002834872,0.002170687,0.000842569,0.001758411,0.000990005,0.039795396,0.004269559,0.064635339,0.002466348,0.003914986,0.000458101
370_L_MDm,0.108746521,0.007097268,0.001683447,0.024453004,0.011866074,0.213921249,0.048159755,0.017715927,0.005232537,0.003942122,0.002218375,0.014426298,0.004347572,0.011341946,0.008754276,0.004067782,0.001384261,0.016890859,0.023781295,0.1743407,0.054680313,0.071423034,0.014331649,0.008235047,0.002202853,0.006746,0.019447026,0.006011107,0.047951421,0.015668096,0.00749191,0.004511659,0.002172121,0.001344896,0.001288902,0.00088206,0.0306519,0.010077897,0.048119706,0.006986053,0.004160316,0.001091783
371_L_MGN,0.01809104,0.018471383,0.001501821,0.295327427,0.013662672,0.014612163,0.004318089,0.008044613,0.0021792,0.000857958,0.000327103,0.022183048,0.001181522,0.040759229,0.006490558,0.002572604,0.000699193,0.035111999,0.00311741,0.025496243,0.004190817,0.079249752,0.00585698,0.009642624,0.000885771,0.012839494,0.07344682,0.005625453,0.222945258,0.010998093,0.030897428,0.005819218,0.010487306,0.001625707,0.004558572,0.00068268,0.019638067,0.005170362,0.014673579,0.001197726,0.013599382,0.000787797
373_L_Pf,0.075581757,0.009948068,0.002889008,0.05205121,0.01795303,0.161489128,0.031920439,0.013212939,0.00375066,0.002066026,0.001264825,0.010924818,0.002303589,0.036535368,0.016338,0.007630836,0.003347484,0.017844197,0.016041295,0.078083281,0.014088878,0.061432445,0.012195273,0.007049872,0.001371974,0.024151344,0.03060954,0.008732618,0.071173281,0.017832998,0.024492409,0.009563698,0.006800896,0.00253199,0.002317958,0.001286103,0.113782315,0.019961657,0.033581083,0.004410431,0.005975225,0.00139419
374_L_PuA,0.0207944,0.017378524,0.00119329,0.058602295,0.004941237,0.120305415,0.007372495,0.017899141,0.003965435,0.002636708,0.001376565,0.011343272,0.000810668,0.036221805,0.003817489,0.028187954,0.002672773,0.033229016,0.017540962,0.090744591,0.002933134,0.093222969,0.005825847,0.012510669,0.000635471,0.004385776,0.063223988,0.00358668,0.124721228,0.00607756,0.046090243,0.004939157,0.010491535,0.001285577,0.004506933,0.000997687,0.122590307,0.005366061,0.026038004,0.001504799,0.014262369,0.000557742
375_L_PuI,0.039345077,0.022744407,0.000644057,0.053380905,0.003518713,0.047543913,0.002961543,0.019106395,0.001986632,0.002422145,0.000763757,0.042004461,0.001249012,0.012354687,0.001850901,0.008908572,0.000864305,0.037100271,0.00851939,0.156365366,0.003802687,0.142155737,0.004847233,0.038104452,0.000818616,0.001722933,0.056013118,0.00238647,0.203758291,0.004626913,0.0114931,0.002184557,0.003556997,0.000747723,0.002011426,0.000462146,0.04803445,0.00179662,0.046575956,0.001213337,0.015067601,0.000526504
376_L_PuL,0.020094097,0.021039675,0.000994757,0.07359543,0.003111984,0.078896241,0.004051365,0.015108753,0.003365993,0.001847353,0.000923517,0.016189647,0.000592108,0.033185591,0.002861934,0.019992788,0.001808373,0.042595799,0.011918875,0.113662167,0.002221376,0.089950137,0.004950336,0.010971549,0.000688381,0.003326607,0.083958262,0.003436961,0.146748814,0.005015104,0.058113155,0.004977052,0.015707949,0.001150103,0.007171566,0.000799207,0.101309827,0.002898873,0.020010937,0.001106903,0.014576035,0.000500396
377_L_PuM,0.048779352,0.013093775,0.000737582,0.025444231,0.002897199,0.122740673,0.005392888,0.024286069,0.003378647,0.004842215,0.001434882,0.034781113,0.002081818,0.011674559,0.002081613,0.013327005,0.001338838,0.030892975,0.018019792,0.331090792,0.007631111,0.092869312,0.00604341,0.021794999,0.00086841,0.002314321,0.031548035,0.002290678,0.098187731,0.004450679,0.014781536,0.002441331,0.003245291,0.000739364,0.002039365,0.000677692,0.058782955,0.002039019,0.044780169,0.00182256,0.006992233,0.000523781
378_L_VA,0.059052594,0.008231665,0.000914667,0.02059784,0.003780757,0.317446017,0.010770953,0.031384805,0.004987179,0.006134309,0.002655609,0.014008082,0.000815503,0.011480604,0.003223343,0.009031929,0.001312729,0.011566383,0.04360093,0.15959541,0.005848377,0.104930554,0.006546758,0.008292085,0.000545496,0.004063871,0.01806532,0.002376825,0.045233809,0.004778582,0.01182529,0.002661984,0.002768487,0.00082733,0.001997951,0.000993631,0.04014271,0.003336928,0.06107785,0.001984774,0.003576393,0.000402766
379_L_VLa,0.030566725,0.011845939,0.001128766,0.02350186,0.00335772,0.247424386,0.010281756,0.027206406,0.005800365,0.004694888,0.002573405,0.010057427,0.000703882,0.054639063,0.003655736,0.044491044,0.003285634,0.0117353,0.034584656,0.105391615,0.003773011,0.07677181,0.006322825,0.007521968,0.00055383,0.00770359,0.019829932,0.002382356,0.04674801,0.004361822,0.041195523,0.004102282,0.011160246,0.00132761,0.003996551,0.001402909,0.112934404,0.004298546,0.037383306,0.001769522,0.0038437,0.000401194
380_L_VLp,0.025621992,0.014023771,0.001058159,0.02334372,0.00315795,0.18055139,0.00769151,0.019805862,0.004505227,0.003205138,0.001696386,0.008269223,0.000603629,0.084737508,0.004324018,0.034545697,0.003318385,0.011775416,0.024525132,0.086395398,0.00307237,0.063571012,0.005071253,0.007281992,0.000499549,0.010511517,0.021440745,0.002171608,0.04651413,0.003974608,0.058217541,0.005042193,0.020751282,0.001629431,0.005289074,0.001163517,0.191825241,0.005013217,0.029025453,0.001413403,0.004039619,0.000355485
381_L_VPL,0.013560776,0.023935611,0.001391629,0.09675979,0.005182584,0.050175274,0.005602983,0.010941686,0.003605684,0.001350862,0.000672288,0.005920942,0.000699282,0.187472513,0.007553198,0.012783398,0.001673741,0.019781308,0.007962069,0.029808866,0.002699996,0.05078065,0.004972484,0.005891353,0.00067421,0.020852611,0.048076317,0.004153829,0.08109566,0.005686018,0.106196048,0.008516866,0.03976517,0.001743538,0.010161345,0.000951684,0.116932082,0.006033623,0.012933723,0.001231233,0.007797374,0.000485394
382_L_Putam,0.058225956,0.031431563,0.001049976,0.018575478,0.001409914,0.136195405,0.006509589,0.0312887,0.005365243,0.006939332,0.002410085,0.002925013,0.000404205,0.070835953,0.004482348,0.026536024,0.002235965,0.007880823,0.044969521,0.022748464,0.002838447,0.198267981,0.006920305,0.007644882,0.000785669,0.003463281,0.024716813,0.001846467,0.030820024,0.002775083,0.045486098,0.006334194,0.026748752,0.001906086,0.008540409,0.001186088,0.052772382,0.005283092,0.094521076,0.002390546,0.003490146,0.000294334
383_L_Caud,0.035330713,0.013624419,0.0011808,0.012401627,0.001508967,0.224993746,0.008468271,0.039933453,0.005176903,0.0108964,0.002648548,0.009843734,0.000451839,0.03917919,0.003129283,0.014535116,0.002519402,0.007069861,0.0811824,0.11142947,0.003351992,0.129498881,0.007915666,0.010572187,0.000723085,0.003606883,0.014719707,0.001959244,0.028819513,0.002549238,0.020539368,0.004883359,0.011403172,0.001766252,0.006827377,0.001310813,0.032934497,0.002659089,0.08505164,0.004793386,0.002016184,0.000231225
384_L_NAc,0.138184555,0.016405491,0.000685351,0.009429508,0.001279631,0.029815027,0.004180235,0.110719763,0.011001754,0.057874112,0.007193629,0.007671685,0.000730906,0.006476388,0.001287992,0.001772444,0.00035506,0.01296411,0.029017457,0.121714544,0.009628221,0.142855799,0.009265691,0.02375753,0.001324,0.000591777,0.020025105,0.001932911,0.03323861,0.003145545,0.005103668,0.001721938,0.003328907,0.000600832,0.001931756,0.000426014,0.00427076,0.000828953,0.161572469,0.010421795,0.004150817,0.000348742
385_L_Gpe,0.092331266,0.027094931,0.00099788,0.020189795,0.001996053,0.186734772,0.006905762,0.0264717,0.004203657,0.004200399,0.001873875,0.003269325,0.000514264,0.083874105,0.005962912,0.040589423,0.002204524,0.007258615,0.040793713,0.022254479,0.002667742,0.121662047,0.007054523,0.006230506,0.000968274,0.01539739,0.021022129,0.002032215,0.02725779,0.003633688,0.041420778,0.003772103,0.024712226,0.001284224,0.008046648,0.001041054,0.041335489,0.002839313,0.060957786,0.00177667,0.002806114,0.000348391
386_L_Gpi,0.094957287,0.019138952,0.001267139,0.047035383,0.006740774,0.128510488,0.006086337,0.013999367,0.002929459,0.002017434,0.000946028,0.004663325,0.000940773,0.162260145,0.016649615,0.019829441,0.001677082,0.012459428,0.0170556,0.024427505,0.003720846,0.066682474,0.004995052,0.005887796,0.000970595,0.056404608,0.034626925,0.002837194,0.05198573,0.00671209,0.039914445,0.004794349,0.021172049,0.001659662,0.005815536,0.000885479,0.047698834,0.004217937,0.031318926,0.001308768,0.005055175,0.000424782
387_L_Amyg,0.078753598,0.008017884,0.000645449,0.052115179,0.003186933,0.02838346,0.002567313,0.028984868,0.002543689,0.008117655,0.001125855,0.077434979,0.001483607,0.024842841,0.002855564,0.002375634,0.000415289,0.024806811,0.005950261,0.487342836,0.010518659,0.050334085,0.004426602,0.006471607,0.000744387,0.00682574,0.02873854,0.002150267,0.106814068,0.004416395,0.006586672,0.002354727,0.002332152,0.000650233,0.00136216,0.00039704,0.01428711,0.001401361,0.055245469,0.001814056,0.006096158,0.000452449
388_L_SNpc,0.048395059,0.0146699,0.000873477,0.048833705,0.003914851,0.123149003,0.005439514,0.012803479,0.002480487,0.00197476,0.000696128,0.005524557,0.000668412,0.216823211,0.010835924,0.014252713,0.001281667,0.013335537,0.015924515,0.037866651,0.002684005,0.062432218,0.003328455,0.004373216,0.000392069,0.087679504,0.033267363,0.002061513,0.060651895,0.003944978,0.039025026,0.004467575,0.017974407,0.001224415,0.00422528,0.000684543,0.040616778,0.004436809,0.026347458,0.000856315,0.005405194,0.000288045
389_L_SNpr,0.018440789,0.012431188,0.000934682,0.024983255,0.001914504,0.143810441,0.006210767,0.017168803,0.003319315,0.002602878,0.001262501,0.002664256,0.000351847,0.295569373,0.017082845,0.037362749,0.002393986,0.006510432,0.022631199,0.015438361,0.001443986,0.0536935,0.003528768,0.002600515,0.000274378,0.072217498,0.016932835,0.001377911,0.027192073,0.002237698,0.044237589,0.004016602,0.017304821,0.001463006,0.00455905,0.00093293,0.057773038,0.0035147,0.024016153,0.00097872,0.002401714,0.00017252
390_L_VTA,0.063026988,0.007719895,0.001731993,0.030875374,0.006451018,0.127520345,0.013121577,0.010877403,0.002109923,0.001007175,0.000510758,0.008954702,0.000945642,0.123513714,0.030639955,0.010924706,0.002070768,0.009397932,0.012453201,0.052427412,0.003795703,0.043574709,0.004179201,0.003455118,0.000324137,0.207500339,0.019922591,0.001894879,0.048394216,0.005625211,0.022830653,0.006935343,0.008598206,0.003095102,0.002144881,0.001363047,0.045023415,0.012535849,0.022099216,0.001258726,0.003664736,0.000373729
391_L_MB,0.044775395,0.002825805,0.001717485,0.010819926,0.009105748,0.151193771,0.088297297,0.005215583,0.003742621,0.00068458,0.000749423,0.003280255,0.002162602,0.056546212,0.03492946,0.00507808,0.001871253,0.007007937,0.006652265,0.044762427,0.027590959,0.012810169,0.006172211,0.001377975,0.000735039,0.193213252,0.005242207,0.003008685,0.01239425,0.009890872,0.013605562,0.006269031,0.004936162,0.002835307,0.001239611,0.000887101,0.07065101,0.029171325,0.007004493,0.001587435,0.000897921,0.000604959
392_L_Septum,0.116266157,0.009212961,0.001908428,0.009257378,0.002937252,0.010771335,0.011309052,0.098178648,0.049951954,0.076618817,0.036431493,0.010942915,0.002544603,0.008368728,0.00410923,0.001789579,0.000961863,0.030916389,0.044882141,0.193542757,0.049943124,0.058592557,0.022585601,0.012314532,0.003273469,0.000888352,0.014228758,0.004323219,0.026577277,0.007972845,0.006365253,0.00380789,0.004285752,0.001903454,0.002031141,0.001288288,0.005217873,0.00213394,0.064033539,0.025354631,0.003216341,0.000940818
393_L_Nb,0.185036626,0.015456553,0.001093449,0.032626092,0.003037887,0.026829629,0.005347756,0.044745608,0.008744535,0.020967844,0.005486307,0.017494469,0.001515087,0.016310961,0.003273518,0.002277084,0.000613324,0.025510825,0.017550992,0.19149103,0.023170761,0.100200629,0.011015863,0.021224785,0.00218904,0.003480062,0.032136146,0.00305213,0.073255879,0.005857186,0.00806275,0.002865939,0.004133031,0.001137187,0.002314818,0.000701664,0.010289293,0.00188887,0.087323199,0.007026774,0.006799468,0.000639835
394_R_AV,0.076970302,0.000892916,0.003643923,0.00396769,0.025437132,0.003937255,0.155735451,0.00215347,0.020674748,0.000807125,0.005679875,0.000900049,0.034845277,0.003490996,0.013007393,0.000529155,0.00124898,0.016994733,0.014616346,0.019452295,0.500181795,0.004348415,0.053543939,0.000629286,0.012662982,0.005191864,0.002321458,0.016189037,0.005439096,0.052785062,0.002409222,0.007994114,0.000673148,0.002056608,0.000263775,0.0012977,0.002112125,0.018102987,0.00177088,0.027702801,0.000375891,0.003076771
395_R_CeM,0.077374357,0.001481486,0.006010027,0.008580054,0.031012551,0.008421679,0.314649227,0.002896738,0.016091765,0.001034737,0.009363634,0.000768794,0.011805818,0.004892792,0.022833967,0.001325187,0.004328536,0.014427659,0.035827532,0.005105572,0.08406033,0.007492154,0.0903683,0.000801857,0.008658487,0.010726215,0.004644267,0.022096206,0.009795737,0.055103181,0.004046656,0.013923889,0.001182706,0.004542428,0.000498881,0.003048576,0.005920711,0.066793992,0.002891192,0.046098339,0.00085573,0.004458637
396_R_CL,0.056193724,0.000583816,0.003050961,0.002069202,0.023172593,0.004052163,0.237352449,0.001570303,0.014387259,0.001067267,0.006962723,0.000242052,0.031265315,0.002267751,0.010396084,0.000355532,0.000345183,0.013125626,0.011838837,0.006587093,0.509097615,0.002777108,0.046377507,0.000316669,0.01072057,0.003183251,0.001284748,0.013552281,0.002725574,0.043168359,0.001296868,0.005332965,0.000318919,0.001787068,0.000125519,0.001118749,0.001598845,0.022922739,0.000627339,0.0260523,0.000161693,0.00249606
397_R_CM,0.014484721,0.001747516,0.015810183,0.006831753,0.038957913,0.005884148,0.151256349,0.004218895,0.019254189,0.001057568,0.005494482,0.000611957,0.004087591,0.00733369,0.120207275,0.004149538,0.027383865,0.009022226,0.019377256,0.00263534,0.019999204,0.006562917,0.040060758,0.000662734,0.003616214,0.019129439,0.003854941,0.019383334,0.007652579,0.036055469,0.007302802,0.078120151,0.00229911,0.023980394,0.000736088,0.008110377,0.006858286,0.25124414,0.002020465,0.010424189,0.000695568,0.002965693
398_R_LD,0.068723367,0.000430511,0.002115958,0.001772688,0.0226892,0.001517039,0.130767348,0.000995821,0.01627471,0.000662028,0.002788313,0.000183162,0.039910697,0.002168515,0.00858355,0.000141539,0.000508807,0.009547968,0.005582351,0.013137769,0.672089935,0.002344614,0.034829665,0.000399987,0.015149111,0.003398521,0.000904759,0.009727062,0.001932654,0.040737093,0.000791936,0.005416598,0.000274062,0.00092906,8.98E-05,0.000916519,0.000474934,0.019210887,0.000983748,0.018779493,8.62E-05,0.001445101
399_R_LGN,0.03263335,0.00108479,0.010500738,0.006461849,0.165230903,0.002361732,0.035691792,0.002169085,0.01848802,0.000680243,0.00409388,0.001506517,0.045011539,0.003530848,0.035088353,0.000958412,0.004807844,0.024744396,0.006126806,0.0040712,0.098459338,0.005498442,0.103935039,0.000803458,0.025768246,0.00410762,0.003187108,0.040303435,0.008349577,0.257839033,0.002474895,0.009947775,0.000676477,0.003610314,0.000326876,0.001760461,0.001965857,0.027064238,0.001400073,0.028921507,0.000685477,0.009690826
400_R_LP,0.054002154,0.001053976,0.005090075,0.002413934,0.02865516,0.003462858,0.154617589,0.003282025,0.023416394,0.001297811,0.005947822,0.000500177,0.0287623,0.00201872,0.012360232,0.001711185,0.009009237,0.017393164,0.018235829,0.004038523,0.441073511,0.004872767,0.063240986,0.000693345,0.016617905,0.003043088,0.002081819,0.024350929,0.003588855,0.070919396,0.003079837,0.015211803,0.000901829,0.003166573,0.000433143,0.002776752,0.001557118,0.040796401,0.001751329,0.025951978,0.000357104,0.004155845
401_R_L-Sg,0.027748532,0.001328636,0.010941409,0.004199112,0.088892712,0.007702015,0.130496687,0.002113862,0.012075798,0.000589311,0.002961987,0.000280072,0.030221305,0.001817919,0.016017349,0.001838697,0.013084617,0.020498339,0.014543346,0.001643464,0.059297239,0.00720558,0.119725004,0.001807312,0.022458115,0.003783126,0.003967247,0.04300448,0.010024545,0.196681705,0.003393239,0.017161985,0.001501902,0.004333415,0.000307739,0.003554768,0.005113038,0.090486443,0.002353611,0.027228379,0.000585493,0.0112203
402_R_MDl,0.029950348,0.001702554,0.005222367,0.00664033,0.024404941,0.010075054,0.398239636,0.005944451,0.039081743,0.00241616,0.013389788,0.000786765,0.009771109,0.003242708,0.009274207,0.003276951,0.016941701,0.011838857,0.050957603,0.003943829,0.059282499,0.009496805,0.098493015,0.000773737,0.007784953,0.004300297,0.004062536,0.015023449,0.007837948,0.044777355,0.003956678,0.01114581,0.001244734,0.002589202,0.000614067,0.006060337,0.004962995,0.046814569,0.003247536,0.035741022,0.000783098,0.00334885
403_R_MDm,0.0717835,0.002044815,0.004994348,0.009780379,0.030198898,0.01375964,0.296550415,0.004369318,0.024513053,0.001600401,0.009796586,0.001572569,0.015854527,0.005341258,0.014173873,0.001816599,0.00580906,0.017201259,0.03432446,0.015992665,0.138654443,0.011108083,0.084262514,0.001251546,0.009801679,0.00653271,0.005724149,0.0209916,0.013011322,0.056569224,0.004287116,0.009556765,0.001251531,0.002615456,0.000568568,0.003249783,0.007087268,0.035128412,0.004665642,0.038799927,0.001171863,0.004542569
404_R_MGN,0.015496127,0.001592928,0.018099529,0.008214954,0.320017043,0.002395332,0.019295314,0.001985181,0.010640956,0.00029105,0.001314976,0.000886506,0.017764059,0.004764962,0.060511592,0.000761833,0.002834422,0.029163698,0.003611155,0.002735074,0.019194937,0.005906419,0.072681032,0.000900443,0.007782711,0.01093991,0.004659395,0.075863358,0.00848537,0.191872982,0.005549175,0.042900417,0.001098976,0.015200703,0.000625751,0.004803252,0.002753051,0.021464728,0.001369906,0.011496142,0.000768844,0.010342867
406_R_Pf,0.048702736,0.002557888,0.007036657,0.014646953,0.045298659,0.011273176,0.260301318,0.003903986,0.019623723,0.001174425,0.005678194,0.001219823,0.009231697,0.010154471,0.034173696,0.002689146,0.013033593,0.01406786,0.026770561,0.00608341,0.049302382,0.011708273,0.064443174,0.001348806,0.006032903,0.027182374,0.008104353,0.022046616,0.019536005,0.053198976,0.007128054,0.024410422,0.001950358,0.00562918,0.000877421,0.004244515,0.010320357,0.131836059,0.003093227,0.024650417,0.001653963,0.004162247
407_R_PuA,0.015801153,0.001595857,0.015155315,0.004445149,0.089423126,0.004071192,0.095018723,0.00365545,0.019459613,0.0008755,0.003599508,0.000588998,0.011076333,0.003243886,0.038751838,0.003549519,0.024620882,0.032344386,0.013499912,0.002667206,0.071709193,0.006384431,0.085647555,0.000854892,0.012859905,0.004332263,0.003658809,0.073799606,0.00646027,0.128287775,0.005699305,0.055581692,0.001732066,0.011975758,0.000728167,0.005562076,0.00414859,0.135339758,0.001753546,0.015524608,0.000683264,0.011626306
408_R_PuI,0.034648258,0.000991816,0.012505218,0.00220349,0.067000164,0.002049621,0.04661634,0.002003384,0.019432208,0.000675418,0.004079651,0.000914762,0.041208651,0.001484761,0.010906077,0.001352347,0.008394229,0.044470649,0.007864167,0.003344522,0.141161489,0.005453394,0.150092946,0.000897559,0.033767904,0.001860327,0.002297199,0.061846133,0.004326667,0.207305469,0.002438124,0.012025926,0.000751416,0.003369068,0.000318005,0.001879197,0.001624138,0.042617304,0.001338537,0.035036142,0.000546299,0.018267717
409_R_PuL,0.013670938,0.001491367,0.018785214,0.003943189,0.099419019,0.002988169,0.069912766,0.003566595,0.017927802,0.000746958,0.002548354,0.000539454,0.010481241,0.003495302,0.049262202,0.002991361,0.021081115,0.028699019,0.009629292,0.002349396,0.086656198,0.005571556,0.065780102,0.000890067,0.008332368,0.005097085,0.003294869,0.086931452,0.005712782,0.125365702,0.006198575,0.092406539,0.001674199,0.017910515,0.00066214,0.008760217,0.003414258,0.122726929,0.001609082,0.00995285,0.000631245,0.009132385
410_R_PuM,0.042745061,0.001212275,0.007735149,0.002568651,0.03568413,0.003577206,0.110163774,0.003529528,0.025065066,0.001283485,0.006409502,0.001576179,0.037422053,0.002092069,0.013327447,0.002024564,0.013203249,0.031956171,0.015715707,0.008668321,0.317380656,0.006313276,0.08979872,0.000990751,0.022772625,0.002777414,0.00247707,0.035441074,0.004558108,0.105566577,0.003207159,0.018027141,0.000946422,0.003994033,0.000432317,0.003003145,0.001970575,0.055820472,0.002020959,0.029603169,0.000543796,0.007596604
411_R_VA,0.033730787,0.001614776,0.005370628,0.005371316,0.021494907,0.009572878,0.384734196,0.006075056,0.039018132,0.002587158,0.013907481,0.000674107,0.010035512,0.00319213,0.0173546,0.002454269,0.009943202,0.01075666,0.053290562,0.003865348,0.087867138,0.009067942,0.095419493,0.000726544,0.00667988,0.006178221,0.0034153,0.016089023,0.006449786,0.039092924,0.003476786,0.015926597,0.001128809,0.003389485,0.000586746,0.006199208,0.00377882,0.044197272,0.003315379,0.033952209,0.000633793,0.003076555
412_R_VLa,0.017569238,0.001947589,0.010367207,0.005581167,0.02610446,0.008499926,0.268183922,0.006506798,0.035872932,0.002158895,0.009736756,0.000618192,0.008714724,0.004403231,0.052893489,0.006346999,0.049910645,0.011071905,0.035864133,0.003207552,0.068004903,0.008076909,0.061925433,0.000723464,0.006336017,0.009557019,0.003440027,0.018022229,0.006282739,0.042147753,0.005887488,0.045207546,0.002171743,0.010815183,0.000875902,0.0079811,0.005293125,0.128673328,0.00271922,0.017717132,0.000629128,0.003291508
413_R_VLp,0.016348703,0.001721366,0.014903694,0.004781403,0.026449915,0.006136792,0.179803107,0.004985328,0.024871681,0.00142054,0.006197421,0.000539804,0.007763681,0.004678022,0.072636234,0.005603086,0.03920538,0.011336212,0.023575778,0.002731367,0.063272695,0.006367583,0.051894672,0.00064071,0.006766132,0.010920335,0.003005165,0.020316101,0.005585769,0.044500184,0.006569856,0.063992045,0.002400367,0.019906517,0.000804996,0.008089653,0.005927194,0.222509919,0.002104793,0.014702868,0.000557903,0.003544656
414_R_VPL,0.010627917,0.001517234,0.025785705,0.005786927,0.101250746,0.003316069,0.046419837,0.002792671,0.01075117,0.000493833,0.001777209,0.000590318,0.004823659,0.008026914,0.208987887,0.001984907,0.011737327,0.01420485,0.006745037,0.00231305,0.021330511,0.005221435,0.037266287,0.000707522,0.0049657,0.0195471,0.003692845,0.04118246,0.006512397,0.062546801,0.00708493,0.12094955,0.001816475,0.035118486,0.000704546,0.009115157,0.004714176,0.151593635,0.001413848,0.007396842,0.000635896,0.00448394
415_R_Putam,0.041323515,0.001473244,0.041160234,0.001340299,0.018452936,0.005140305,0.133510793,0.005740718,0.031821062,0.00208365,0.013041987,0.00031152,0.002905506,0.004244149,0.068897713,0.003029361,0.022953216,0.009078637,0.048116076,0.002340126,0.015226553,0.006959671,0.206107543,0.000723995,0.008046099,0.002893642,0.001873322,0.026672329,0.00262508,0.030394627,0.007100171,0.046258037,0.002197721,0.02919524,0.000746728,0.019982475,0.005526331,0.050276053,0.003315709,0.081564443,0.000301607,0.003311832
416_R_Caud,0.033714069,0.001766347,0.007261761,0.002644023,0.020126173,0.007370969,0.267263873,0.006249878,0.032514182,0.002903315,0.017399131,0.00047104,0.008943103,0.004995666,0.071480759,0.002406212,0.00862621,0.009738107,0.080129045,0.005020525,0.099238761,0.008765185,0.088013682,0.00088457,0.007555809,0.00678624,0.002540843,0.01798176,0.003760033,0.034200243,0.00582724,0.03244197,0.001839561,0.007121755,0.000879921,0.007776073,0.003261307,0.050190125,0.005200477,0.050632877,0.000388546,0.002264405
417_R_NAc,0.124682399,0.001490697,0.006835762,0.001143938,0.013793713,0.002865333,0.047720693,0.013982341,0.1163335,0.014754075,0.073205534,0.000546544,0.010446106,0.001494671,0.010377104,0.000486209,0.001179224,0.013832192,0.038737651,0.008224192,0.09098204,0.010121911,0.132211711,0.001717791,0.022294947,0.000939372,0.001868805,0.018968199,0.002905511,0.035142404,0.001996175,0.007727462,0.000749489,0.003248427,0.000302628,0.001606213,0.001049706,0.005863598,0.013072735,0.17129762,0.000343725,0.003961206
418_R_Gpe,0.090169653,0.001511289,0.038229137,0.002244405,0.017421174,0.005418763,0.19398046,0.004288704,0.028660622,0.00138194,0.009801048,0.000376597,0.002896213,0.006073744,0.09828554,0.002946688,0.033313584,0.007294228,0.048168805,0.003201562,0.01797251,0.008271299,0.123811771,0.001004566,0.004810653,0.012728431,0.002535655,0.019325476,0.004154766,0.022701469,0.004566593,0.043063011,0.001557697,0.035079487,0.000629603,0.021879206,0.003055103,0.039405266,0.002755933,0.041749134,0.000437313,0.001957034
419_R_Gpi,0.116015602,0.0016392,0.023286864,0.006825017,0.041596871,0.005049295,0.139398525,0.003017767,0.015743289,0.000720734,0.002935229,0.000791746,0.005332995,0.017108363,0.160055071,0.001856803,0.010388483,0.016483484,0.020484717,0.004171191,0.03035766,0.007709387,0.074600966,0.001205774,0.007071687,0.047293068,0.003861978,0.038658076,0.008354999,0.05432853,0.00544826,0.03756414,0.001656575,0.024652048,0.000639523,0.009130027,0.00379889,0.038185138,0.002359746,0.019108241,0.000648205,0.004966996
420_R_Amyg,0.076430401,0.001203528,0.005397179,0.003022938,0.05902586,0.001885436,0.027856276,0.00283267,0.027128912,0.001449567,0.007323495,0.001290764,0.071028596,0.002696821,0.028518707,0.000500686,0.001928002,0.025136524,0.006205287,0.010308677,0.459197728,0.005040887,0.051330849,0.000848935,0.008114623,0.008084579,0.002533005,0.028871745,0.004470484,0.122216062,0.002800647,0.006469152,0.000763836,0.002558321,0.000456664,0.001136834,0.001228332,0.0129549,0.002195959,0.02791671,0.000468428,0.006362666
421_R_SNpc,0.038674431,0.000963721,0.016567964,0.002538774,0.0331074,0.004131991,0.158847204,0.003099754,0.016480436,0.00092928,0.003980882,0.000379496,0.00496204,0.012801981,0.252764471,0.002542934,0.024486434,0.012945694,0.021774716,0.001908897,0.023633167,0.003696637,0.060984397,0.000406503,0.003296242,0.067694227,0.001569768,0.027756458,0.002788707,0.049662181,0.004596763,0.042991495,0.001386913,0.018689354,0.000479741,0.008369099,0.003415145,0.055306344,0.001455107,0.013538194,0.000244879,0.00473387
422_R_SNpr,0.014785646,0.001162428,0.017655126,0.002062288,0.017478576,0.004862825,0.132926172,0.003187421,0.017172472,0.00081702,0.003648005,0.00030069,0.002471187,0.023818207,0.338636636,0.00356858,0.03664922,0.005856811,0.020132458,0.001490463,0.010827527,0.003785204,0.040888994,0.000378655,0.002067021,0.085446201,0.001450827,0.013750664,0.002309726,0.021963322,0.005002211,0.050095949,0.001829555,0.021943245,0.000600961,0.009824201,0.004067618,0.06839968,0.001486896,0.009265366,0.000235969,0.001757229
423_R_VTA,0.063804549,0.000998222,0.009071508,0.003383543,0.027950801,0.006561043,0.152219486,0.002400109,0.014437545,0.000549659,0.00280379,0.000672072,0.010834202,0.022584199,0.156420958,0.001986405,0.01319057,0.011747835,0.012758585,0.003947891,0.065715852,0.003099855,0.045226364,0.000291071,0.003789225,0.194985046,0.00153616,0.019834783,0.003138886,0.048824739,0.004317021,0.023190653,0.001987212,0.00885548,0.000488373,0.005098491,0.005346952,0.045446839,0.001637235,0.014152065,0.00023617,0.003664611
424_R_MB,0.043815283,0.001393327,0.003731535,0.009008998,0.012542544,0.032210798,0.265874677,0.002285997,0.01020156,0.000448011,0.001353366,0.001771431,0.003933848,0.027039114,0.06970154,0.001994227,0.006333909,0.007370049,0.008972605,0.024909905,0.055054779,0.005294278,0.016698875,0.000607651,0.001391507,0.184550557,0.002972133,0.00585453,0.008137193,0.013890651,0.004361803,0.014116,0.001586282,0.005817339,0.000730626,0.002588825,0.012451155,0.0720234,0.003057462,0.005520811,0.000500986,0.00100347
425_R_Septum,0.123118381,0.002692787,0.005462692,0.002605472,0.013827004,0.005089358,0.018452651,0.024663054,0.1120199,0.024767063,0.071470798,0.001836608,0.015141403,0.004260816,0.010165966,0.001070706,0.001425118,0.040366344,0.045169457,0.040329351,0.232916423,0.01611951,0.067632111,0.002700654,0.015646318,0.00125967,0.003546783,0.015534689,0.006023273,0.033432024,0.004033171,0.007420934,0.002629561,0.004277879,0.000964444,0.002353572,0.003107609,0.005716729,0.016534186,0.063594309,0.000721142,0.003564157
426_R_Nb,0.216506836,0.001926007,0.009416702,0.002644849,0.030478179,0.002778896,0.029988298,0.006144579,0.045920997,0.004517977,0.022757146,0.001019024,0.020664344,0.00263069,0.01696912,0.000599995,0.001601416,0.029852729,0.017240089,0.015406008,0.152915774,0.011665437,0.121001238,0.00247694,0.032132341,0.002642861,0.003482213,0.033674819,0.006208276,0.074976119,0.002984846,0.009614559,0.001242757,0.00448353,0.000514283,0.002063822,0.001689331,0.009069309,0.006936791,0.077870172,0.000670035,0.007654072
