,idx,directed_V1_Info,directed_V1_initial_amp,directed_V1_maintain_amp,directed_A1_Info,directed_A1_initial_amp,directed_A1_maintain_amp,directedsymm_V1_Info,directedsymm_V1_initial_amp,directedsymm_V1_maintain_amp,directedsymm_A1_Info,directedsymm_A1_initial_amp,directedsymm_A1_maintain_amp,threshold_V1_Info,threshold_V1_initial_amp,threshold_V1_maintain_amp,threshold_A1_Info,threshold_A1_initial_amp,threshold_A1_maintain_amp,network,trophic,trophic_group,effect_score_sum
L_V1,1,1,2.970759488,0.009883043,2,0,0.005859256,1,2.632369556,0.00603905,2,0,0.00393076,1,0.84483907,0.025139937,2,0,0.012058072,Visual1,0.652515447,3,-1.306344191
L_MST,2,1,0.016876951,-3.44E-05,2,0,0.00023863,1,0.013431411,0.000559655,1,0.005707509,0.001557895,2,0,0.00880658,2,0,0.00660732,Visual2,0.510326149,1,-1.007445503
L_V6,3,1,0.067738059,0.002681238,2,0,0.003551499,1,0.062335958,0.000881414,2,0,0.000944716,1,0.122268468,0.02607487,2,0,0.015112434,Visual2,0.56365616,2,-0.793965231
L_V2,4,1,0.105082329,0.006139368,2,0,0.00534013,1,0.075807218,0.001517884,2,0,0.001599893,1,0.140500638,0.029957158,2,0,0.016662264,Visual2,0.678852846,3,-1.119528468
L_V3,5,1,0.10076808,0.003925341,2,0,0.003273054,1,0.075334526,0.001678099,2,0,0.001878627,1,0.133822239,0.027274464,2,0,0.010016079,Visual2,0.694283839,3,-1.273151409
L_V4,6,1,0.08051639,0.00249613,2,0,0.001546754,1,0.060947877,0.001485185,2,0,0.001733062,1,0.144966914,0.025879535,2,0,0.01295684,Visual2,0.575255422,2,-1.274658831
L_V8,7,1,0.024868676,0.000300381,2,0,0.001366791,1,0.016195488,0.000500904,2,0,0.000943763,1,0.02915688,0.005107821,2,0,0.00438309,Visual2,0.585642777,2,0.134197839
L_4,8,4,0,0.05506536,4,0,0.052949121,2,0,0.012048698,2,0,0.011212158,2,0,0.00776921,2,0,0.003235832,Somatomotor,1.481467477,10,0.807147013
L_3b,9,4,0,0.060730372,4,0,0.053800996,2,0,0.007927856,2,0,0.00748023,3,0,0.025846481,2,0,0.013273869,Somatomotor,1.644426465,10,0.513337352
L_FEF,10,4,0,0.073952391,4,0,0.065710145,2,0,0.014752808,2,0,0.012973002,3,0,0.030387235,2,0,0.020567036,Cingulo-Opercular,1.491024833,10,0.548871024
L_PEF,11,4,0,0.055392384,4,0,0.055290537,2,0,0.006382147,2,0,0.008211152,3,0,0.028130266,2,0,0.019225376,Dorsal-Attention,1.540615968,10,1.833345388
L_55b,12,4,0,0.078577799,4,0,0.068835173,2,0,0.010112644,2,0,0.010780145,3,0,0.027175186,2,0,0.02204544,Language,1.586018713,10,0.693704187
L_V3A,13,1,0.081157635,0.000723439,2,0,0.000711967,1,0.065453656,0.000640846,2,0,0.001196804,1,0.129593411,0.021278054,2,0,0.019985461,Visual2,0.630630777,2,-1.180793641
L_RSC,14,4,0,0.041215534,4,0,0.035415848,1,0.034964703,0.006315878,2,0,0.006099165,1,0.046779328,0.009937857,2,0,0.002697411,Frontoparietal,1.10134056,6,0.585986667
L_POS2,15,1,0.110657832,0.02778047,4,0,0.022430466,1,0.080240774,0.00474438,2,0,0.009428939,1,0.064875144,0.013726156,0,0,0.008710446,Frontoparietal,0.769022682,4,-0.402190632
L_V7,16,1,0.049216022,-0.00027388,2,0,0.001146823,1,0.033380357,0.000440238,2,0,0.000428002,1,0.068559664,0.012124692,2,0,0.006426213,Visual2,0.620038423,2,-1.173209567
L_IPS1,17,1,0.045790883,0.001614102,2,0,0.001406495,1,0.038605458,0.001272982,2,0,0.00138438,1,0.10681912,0.023888211,2,0,0.015434392,Visual2,0.582269674,2,-0.591856955
L_FFC,18,1,0.052354994,0.002081784,2,0,0.001003901,1,0.030029511,0.00053086,2,0,0.000665709,1,0.076857706,0.017105146,2,0,0.009745922,Visual2,0.569494339,2,-1.033847177
L_V3B,19,1,0.041005642,0.00092663,2,0,0.000834366,1,0.030989746,-2.50E-05,2,0,0.000154162,1,0.059061734,0.008675629,2,0,0.007579211,Visual2,0.612240205,2,-1.163038613
L_LO1,20,1,0.015598623,0.000383382,2,0,0.000246834,1,0.00993408,0.000151935,2,0,2.97E-05,0,0,0.004223552,2,0,0.003182015,Visual2,0.65134915,3,-1.300119827
L_LO2,21,1,0.024785772,0.001462582,2,0,0.001363336,1,0.022314873,-0.000117266,2,0,0.000186537,1,0.048384875,0.008839585,2,0,0.007430784,Visual2,0.583643996,2,-1.532544515
L_PIT,22,1,0.040094611,0.000752263,2,0,0.001715062,1,0.028941796,7.70E-05,2,0,7.88E-05,1,0.050281423,0.008661395,2,0,0.006711791,Visual2,0.573998635,2,-1.224992368
L_MT,23,1,0.016443521,0.001055563,2,0,0.001553607,1,0.013786326,-0.000802702,2,0,0.000656705,2,0,0.007347299,2,0,0.00553485,Visual2,0.448072355,1,-1.323074871
L_A1,24,2,0,0.001574682,1,3.682150006,0.006333937,2,0,-4.33E-05,1,3.268251496,0.003752109,2,0,0.00934003,1,3.128839214,0.012129115,Auditory,0.81923551,4,0.120790976
L_PSL,25,2,0,0.002530026,1,0.017287942,0.00228287,2,0,0.003108566,1,0.018656676,0.003010145,2,0,0.017697917,2,0,0.012307003,Language,0.801655442,4,-0.584191813
L_SFL,26,4,0,0.027529913,4,0,0.025140607,2,0,0.007416823,2,0,0.006138881,2,0,0.007399265,2,0,0.003745969,Language,1.429154758,9,0.787206659
L_PCV,27,4,0,0.062028165,4,0,0.059107997,2,0,0.008223584,2,0,0.008497174,3,0,0.030888888,2,0,0.021196041,Posterior-Multimodal,1.268691984,8,0.266318252
L_STV,28,2,0,0.00355411,1,0.012884314,0.003561981,2,0,-0.000877895,1,0.012571598,-0.001435007,2,0,0.014081636,2,0,0.010978334,Language,1.022761323,6,-0.966401468
L_7Pm,29,0,0,0.031677433,4,0,0.030158918,1,0.047337401,0.00577779,2,0,0.00515621,3,0,0.029844264,2,0,0.023733999,Frontoparietal,0.947779705,5,-0.115659482
L_7m,30,2,0,0.015898515,2,0,0.013952952,2,0,0.001947034,2,0,0.002050123,3,0,0.019345444,2,0,0.010106878,Default,1.350465277,9,-0.16212158
L_POS1,31,1,0.04729054,0.002615528,2,0,0.002630876,1,0.048927937,0.000967851,2,0,0.002986795,1,0.107293329,0.023530409,2,0,0.018973965,Default,0.489365184,1,-0.360390957
L_23d,32,2,0,0.004964862,2,0,0.005038799,2,0,0.002527312,2,0,0.00242253,2,0,0.006986801,2,0,0.004721031,Default,0.997346537,6,0.976780159
L_v23ab,33,2,0,0.001871525,2,0,0.003409357,2,0,0.001230618,2,0,0.001105105,2,0,0.00830065,2,0,0.00439308,Default,1.132969383,7,-0.142776322
L_d23ab,34,2,0,0.003474573,2,0,0.001822283,2,0,-5.17E-05,2,0,0.001328947,2,0,0.008204339,2,0,0.005724098,Default,1.094669456,6,0.478394378
L_31pv,35,2,0,0.0043121,2,0,0.003848589,2,0,0.002707741,2,0,0.001599418,2,0,0.010371595,2,0,0.007697383,Default,1.107149995,6,0.352374413
L_5m,36,4,0,0.05596754,4,0,0.055522407,2,0,0.012125244,2,0,0.010211346,3,0,0.027444689,2,0,0.016013959,Somatomotor,1.182010202,7,0.146088362
L_5mv,37,4,0,0.077639112,4,0,0.077453191,2,0,0.011942562,2,0,0.010981798,3,0,0.030049439,2,0,0.016705538,Cingulo-Opercular,1.327414407,8,0.547680899
L_23c,38,4,0,0.069587382,4,0,0.064937673,2,0,0.011175084,2,0,0.015271107,3,0,0.027654211,2,0,0.016837682,Cingulo-Opercular,1.346225203,9,0.675058506
L_5L,39,4,0,0.074134752,4,0,0.075494309,2,0,0.009040038,2,0,0.013136453,3,0,0.030305701,2,0,0.018314012,Somatomotor,1.142332352,7,-0.14772913
L_24dd,40,4,0,0.073624426,4,0,0.074114638,2,0,0.012700334,2,0,0.008948461,3,0,0.030856373,2,0,0.018817078,Somatomotor,1.347171792,9,0.80945719
L_24dv,41,4,0,0.068209847,4,0,0.06179376,2,0,0.00896403,2,0,0.006675529,2,0,0.024341387,2,0,0.014671156,Somatomotor,1.313140611,8,1.24337814
L_7AL,42,4,0,0.067169209,4,0,0.062274147,2,0,0.009758244,2,0,0.009066866,3,0,0.026478203,2,0,0.014620366,Somatomotor,0.996783187,6,0.071284618
L_SCEF,43,4,0,0.046779398,4,0,0.044815052,2,0,0.006904053,2,0,0.007136006,2,0,0.012780033,2,0,0.006829362,Cingulo-Opercular,1.430858326,9,1.14992232
L_6ma,44,4,0,0.042642425,4,0,0.037897341,2,0,0.009055793,2,0,0.011086156,2,0,0.010801639,2,0,0.004179143,Cingulo-Opercular,1.521188157,10,0.550369497
L_7Am,45,4,0,0.063530861,4,0,0.060028934,2,0,0.012007187,2,0,0.01172075,2,0,0.012290768,0,0,0.005709171,Cingulo-Opercular,1.056388583,6,0.09616691
L_7Pl,46,1,0.054478304,0.013447349,2,0,0.014576016,1,0.042389745,0.002434773,2,0,0.004381554,3,0,0.026194673,2,0,0.018657064,Dorsal-Attention,0.833930451,4,0.441922896
L_7PC,47,4,0,0.027425039,4,0,0.02882507,2,0,0.008524764,2,0,0.008300452,3,0,0.032976624,0,0,0.024078746,Somatomotor,0.994617318,5,1.115985773
L_LIPv,48,2,0,0.006772219,2,0,0.006777888,2,0,0.005941788,2,0,0.008156784,2,0,0.026578499,1,0.049564479,0.018948037,Visual2,0.730435189,3,3.309784227
L_VIP,49,4,0,0.033576103,4,0,0.032596363,2,0,0.006587092,2,0,0.010141594,3,0,0.027599719,0,0,0.014175787,Visual2,0.907803368,5,1.083196182
L_MIP,50,1,0.013480131,0.004197246,2,0,0.003832854,1,0.023109093,0.003041597,2,0,0.003469917,2,0,0.021700151,2,0,0.014645426,Dorsal-Attention,0.727547563,3,0.818497094
L_1,51,4,0,0.043760905,4,0,0.049308714,2,0,0.007721114,2,0,0.00848703,3,0,0.024488575,2,0,0.013672995,Somatomotor,1.511488814,10,0.251172309
L_2,52,4,0,0.061953959,4,0,0.059919898,2,0,0.008864761,2,0,0.009415133,2,0,0.017618373,2,0,0.00951368,Somatomotor,1.387160645,9,1.011086891
L_3a,53,4,0,0.036581944,4,0,0.034909625,2,0,0.006769772,2,0,0.007442197,3,0,0.03546725,2,0,0.022935971,Somatomotor,1.724057777,10,0.744882123
L_6d,54,4,0,0.072951936,4,0,0.072707552,2,0,0.011126892,2,0,0.011695234,3,0,0.03272797,2,0,0.019528026,Somatomotor,1.472857075,10,0.636987192
L_6mp,55,4,0,0.058323237,4,0,0.05760558,2,0,0.010038018,2,0,0.010891281,2,0,0.016010903,2,0,0.006538298,Somatomotor,1.3786226,9,0.357653078
L_6v,56,4,0,0.063005633,4,0,0.06265229,2,0,0.009574793,2,0,0.010103916,3,0,0.026928346,2,0,0.018014956,Somatomotor,1.615380603,10,0.549848431
L_p24pr,57,2,0,0.004310536,2,0,0.003259334,2,0,0.003112612,2,0,0.002113908,2,0,0.00834912,2,0,0.005199473,Cingulo-Opercular,0.886494645,5,1.416073074
L_33pr,58,4,0,0.027108823,4,0,0.026499651,2,0,0.008206193,2,0,0.00735167,3,0,0.029445548,2,0,0.018393371,Cingulo-Opercular,0.980145868,5,1.724498878
L_a24pr,59,2,0,0.01682431,2,0,0.01514945,2,0,0.006469957,2,0,0.007426188,2,0,0.021363317,2,0,0.014322777,Cingulo-Opercular,0.848004007,4,1.243378342
L_p32pr,60,4,0,0.062784052,4,0,0.058936561,2,0,0.008502541,2,0,0.007024652,3,0,0.024428327,2,0,0.017158322,Cingulo-Opercular,1.159794114,7,1.379485539
L_a24,61,2,0,0.019741652,2,0,0.014633615,2,0,0.00463233,2,0,0.005505614,2,0,0.011896544,2,0,0.009783174,Default,1.155068355,7,-0.445728058
L_d32,62,4,0,0.046186339,4,0,0.039618003,2,0,0.008846574,2,0,0.010179241,2,0,0.025372069,2,0,0.012469862,Default,1.151633801,7,0.032826153
L_8BM,63,4,0,0.060840659,4,0,0.052022304,2,0,0.010038848,2,0,0.008519597,2,0,0.015796349,2,0,0.00944162,Frontoparietal,1.530335315,10,0.732085148
L_p32,64,2,0,0.019645561,2,0,0.019110309,2,0,0.005690988,2,0,0.005162918,2,0,0.01680399,2,0,0.009531104,Default,1.169401685,7,-0.766288721
L_10r,65,2,0,0.016743915,2,0,0.017108062,2,0,0.005068363,2,0,0.006829554,2,0,0.013825725,2,0,0.009442431,Default,1.301179159,8,-0.94986503
L_47m,66,2,0,0.000739908,2,0,0.000855657,2,0,0.000826878,2,0,0.000786047,2,0,0.003230185,2,0,0.003168244,Default,0.942218694,5,-0.57984575
L_8Av,67,4,0,0.049862042,4,0,0.048908127,2,0,0.00801931,2,0,0.010641055,2,0,0.013967329,2,0,0.0077247,Default,1.453889246,9,0.69613321
L_8Ad,68,4,0,0.071097288,4,0,0.066650718,2,0,0.012100077,2,0,0.010117294,3,0,0.030292235,2,0,0.018245075,Default,1.438718194,9,0.427238013
L_9m,69,4,0,0.066106723,4,0,0.05911075,2,0,0.008442315,2,0,0.011095411,2,0,0.021526147,2,0,0.011185885,Default,1.448554696,9,-0.394183823
L_8BL,70,4,0,0.058038373,4,0,0.052880325,2,0,0.010075494,2,0,0.008457511,2,0,0.018403905,2,0,0.009970188,Default,1.45405518,9,0.066612083
L_9p,71,4,0,0.062601561,4,0,0.053617588,2,0,0.011508555,2,0,0.007182447,3,0,0.02777271,2,0,0.01865943,Default,1.446674454,9,-0.334525818
L_10d,72,4,0,0.044544296,4,0,0.039338127,2,0,0.012460514,2,0,0.012330647,3,0,0.029797188,2,0,0.018013148,Default,1.409706355,9,-1.066457935
L_8C,73,4,0,0.078454709,4,0,0.075990982,2,0,0.014794347,2,0,0.013739204,2,0,0.016990546,2,0,0.011600032,Frontoparietal,1.336553105,9,2.083386212
L_44,74,4,0,0.044434077,4,0,0.044558782,2,0,0.014167131,2,0,0.013225314,2,0,0.01634806,2,0,0.011009851,Language,1.036611048,6,0.403166636
L_45,75,2,0,0.015939649,2,0,0.013359499,2,0,0.006509154,2,0,0.006342888,3,0,0.029261554,2,0,0.014238184,Language,0.949112572,5,-0.057176231
L_47l,76,2,0,0.002697551,2,0,0.002638301,2,0,0.002717698,2,0,0.003343562,3,0,0.026933351,2,0,0.016333788,Default,1.09915777,6,-0.491533684
L_a47r,77,4,0,0.037308449,4,0,0.031464456,2,0,0.010250199,2,0,0.009759047,3,0,0.031023753,2,0,0.017571575,Frontoparietal,1.40604277,9,-0.94152923
L_6r,78,4,0,0.071611676,4,0,0.060495379,2,0,0.010474627,2,0,0.011102116,3,0,0.018747087,2,0,0.011001458,Cingulo-Opercular,1.319892694,8,0.650904373
L_IFJa,79,2,0,0.021705443,2,0,0.021616477,2,0,0.005662403,2,0,0.006697339,3,0,0.02337692,2,0,0.014702211,Language,1.198279555,8,2.187484733
L_IFJp,80,2,0,0.02524056,2,0,0.021008762,2,0,0.004308448,2,0,0.002524165,2,0,0.021152685,2,0,0.015058534,Frontoparietal,1.319875593,8,2.631702922
L_IFSp,81,2,0,0.012526369,2,0,0.010351423,2,0,0.005958961,2,0,0.005882985,3,0,0.029551591,2,0,0.019499587,Language,1.025229826,6,1.736182289
L_IFSa,82,4,0,0.025576307,4,0,0.019041267,2,0,0.008344638,2,0,0.007117351,3,0,0.029808224,2,0,0.01855156,Frontoparietal,1.168530632,7,0.50500401
L_p9-46v,83,4,0,0.047914357,4,0,0.045014368,2,0,0.007889911,2,0,0.005208571,3,0,0.029836438,2,0,0.018567597,Frontoparietal,1.245340174,8,1.300161066
L_46,84,4,0,0.05681575,4,0,0.053070289,2,0,0.010371802,2,0,0.009074693,3,0,0.030793066,2,0,0.017425215,Cingulo-Opercular,1.374319361,9,0.488175155
L_a9-46v,85,4,0,0.057260172,4,0,0.054444163,2,0,0.013052945,2,0,0.013464503,3,0,0.03135175,2,0,0.019082563,Frontoparietal,1.499886377,10,0.435962738
L_9-46d,86,4,0,0.059910179,4,0,0.057505827,2,0,0.008674643,2,0,0.007814218,3,0,0.024657057,2,0,0.013873843,Cingulo-Opercular,1.465105539,10,0.053931165
L_9a,87,4,0,0.055260368,4,0,0.049311019,2,0,0.008208083,2,0,0.007524173,3,0,0.027697339,2,0,0.014709645,Default,1.465090528,10,-0.646762254
L_10v,88,2,0,0.01601235,2,0,0.011384915,2,0,0.005130955,2,0,0.006044691,2,0,0.02347279,2,0,0.010600344,Default,1.283001836,8,-1.21502819
L_a10p,89,4,0,0.02692218,2,0,0.02053204,2,0,0.000770851,2,0,0.006291453,3,0,0.024381927,2,0,0.018339115,Frontoparietal,1.458300328,9,-0.997190462
L_10pp,90,2,0,0.019965858,2,0,0.01956465,2,0,0.007359332,2,0,0.00811562,2,0,0.020836487,2,0,0.015680074,Default,1.32321157,8,-1.405873262
L_11l,91,2,0,0.0048038,2,0,0.004941496,2,0,0.002764164,2,0,0.002303145,1,0.047892554,0.016864778,2,0,0.012330056,Frontoparietal,1.124372924,7,-1.049735454
L_13l,92,2,0,0.000285439,2,0,0.000374853,2,0,0.000477481,2,0,-0.000249741,2,0,0.006771786,2,0,0.002742846,Frontoparietal,0.171050755,1,-0.569848179
L_OFC,93,2,0,0.007110868,2,0,0.00852335,2,0,0.004994653,2,0,0.003243003,1,0.05221504,0.013644343,2,0,0.008696179,Default,1.108273508,7,-0.895401882
L_47s,94,2,0,7.44E-05,2,0,0.000200159,2,0,-0.000182202,2,0,-0.000404881,1,0.025293072,0.006816196,2,0,0.003619936,Default,0.205385213,1,-0.445383758
L_LIPd,95,2,0,0.003702031,2,0,0.002569785,2,0,-0.000343895,2,0,0.000545746,2,0,0.012175255,2,0,0.007792712,Dorsal-Attention,0.975794586,5,1.39679543
L_6a,96,4,0,0.054694742,4,0,0.053247588,2,0,0.010271976,2,0,0.009204795,3,0,0.020542356,2,0,0.011956859,Dorsal-Attention,1.559937734,10,2.1359394
L_i6-8,97,4,0,0.075085056,4,0,0.065820977,2,0,0.009905553,2,0,0.009625199,3,0,0.034993367,2,0,0.02419787,Frontoparietal,1.480176894,10,0.612510486
L_s6-8,98,4,0,0.067296758,4,0,0.071172664,2,0,0.011339295,2,0,0.010385875,3,0,0.031439231,2,0,0.020527363,Frontoparietal,1.474086816,10,0.31438326
L_43,99,2,0,0.012136317,2,0,0.00915973,2,0,0.003653872,1,0.021135726,0.003038815,3,0,0.01860522,2,0,0.020426095,Cingulo-Opercular,0.969204326,5,-0.039820385
L_OP4,100,2,0,0.002819134,1,0.016323199,0.002306326,2,0,0.001750264,1,0.011992621,0.003639437,2,0,0.017258872,2,0,0.015406444,Somatomotor,0.789962535,4,0.017895017
L_OP1,101,2,0,0.000975925,1,0.014446901,0.00220361,2,0,0.000383309,1,0.013571132,0.00088271,2,0,0.008118147,2,0,0.004766394,Somatomotor,0.765446028,3,0.260328427
L_OP2-3,102,2,0,0.000921512,1,0.017652929,0.000590295,2,0,0.001730961,1,0.011654533,0.001371771,2,0,0.013318309,2,0,0.006156079,Somatomotor,0.728169589,3,0.711406913
L_52,103,2,0,0.001792196,1,0.015629094,0.002375738,2,0,0.000630275,1,0.012430031,0.000649407,0,0,0.012585474,0,0,0.005994619,Auditory,0.824617325,4,0.08326416
L_RI,104,2,0,0.001273853,1,0.022475076,0.00190036,2,0,0.002519012,1,0.018566135,0.002020682,2,0,0.017591819,1,0.037961084,0.014337539,Auditory,0.744641389,3,0.261987075
L_PFcm,105,2,0,0.003232742,1,0.014408059,0.004048652,2,0,0.001300636,1,0.015391973,0.002281022,2,0,0.012579796,1,0.026103263,0.011465828,Cingulo-Opercular,0.756777873,3,-0.01508794
L_PoI2,106,2,0,0.004689415,1,0.015900675,0.00293275,0,0,0.000214689,1,0.024525731,0.002978794,0,0,0.031717924,2,0,0.01779033,Cingulo-Opercular,0.765167459,3,0.540997818
L_TA2,107,2,0,0.00152815,1,0.018384634,0.002613905,2,0,0.000263327,1,0.012337825,-6.48E-05,1,0.016020745,0.006523325,1,0.020445792,0.005227153,Auditory,0.899183748,5,-0.315893535
L_FOP4,108,2,0,0.016539878,2,0,0.012059936,2,0,0.005862062,2,0,0.005641014,3,0,0.032978459,2,0,0.022862197,Cingulo-Opercular,0.946540407,5,1.416670391
L_MI,109,2,0,0.006263803,2,0,0.007036296,2,0,0.00341525,2,0,0.003495072,3,0,0.032190113,2,0,0.020676642,Cingulo-Opercular,0.867459082,4,1.348567463
L_Pir,110,2,0,0.000396022,2,0,0.000452744,2,0,0.001518926,2,0,0.001385134,1,0.048348728,0.010237222,2,0,0.005950815,Orbito-Affective,0.429813557,1,-0.268841353
L_AVI,111,2,0,0.000264622,2,0,0.000844798,2,0,0.000211051,2,0,0.00013071,2,0,0.014829479,2,0,0.007911593,Frontoparietal,0.513887476,2,0.919459324
L_AAIC,112,0,0,0.000717417,2,0,0.000898992,2,0,-0.000131336,2,0,0.000148067,0,0,0.012960799,2,0,0.006701479,Orbito-Affective,0.370090073,1,0.120107627
L_FOP1,113,2,0,0.005060489,1,0.012366563,0.003982672,2,0,-0.001672611,0,0,-0.000650859,2,0,0.014206829,2,0,0.009890256,Cingulo-Opercular,0.830515452,4,0.44823966
L_FOP3,114,2,0,0.001253928,1,0.014459814,0.004603399,2,0,0.003545362,1,0.016156104,0.005404161,2,0,0.011396891,2,0,0.005469673,Cingulo-Opercular,0.88767016,5,1.719148525
L_FOP2,115,2,0,0.001977498,1,0.011352964,0.003115809,2,0,0.000954609,1,0.010799097,0.002065255,2,0,0.00684096,2,0,0.004243064,Somatomotor,0.814012585,4,1.126702111
L_PFt,116,2,0,0.012945356,2,0,0.013991068,2,0,0.005739396,1,0.014219583,0.003118219,2,0,0.010354279,2,0,0.008002593,Dorsal-Attention,1.208354606,8,-0.117055268
L_AIP,117,2,0,0.011540702,2,0,0.01155389,2,0,0.002453518,2,0,0.003444744,2,0,0.020359574,2,0,0.016824476,Dorsal-Attention,1.274283045,8,1.30295718
L_EC,118,2,0,0.00047612,2,0,0.000195864,2,0,-2.05E-05,2,0,9.17E-05,1,0.016051098,0.004444957,2,0,0.003606139,Default,0.69109009,3,-0.738422984
L_PreS,119,1,0.014515104,0.000865733,2,0,0.000738728,1,0.008242106,-2.30E-05,2,0,9.96E-05,1,0.103736197,0.022871774,2,0,0.010646676,Default,0.673367379,3,-0.338853801
L_H,120,1,0.015364188,0.000757955,2,0,0.001167975,1,0.008261048,1.99E-05,2,0,7.45E-06,1,0.08023526,0.019911437,2,0,0.01072881,Default,0.519505741,2,-0.454936505
L_ProS,121,1,0.016924792,0.000621508,2,0,-7.23E-05,1,0.013187534,0.000546475,2,0,0.000509613,1,0.057527276,0.010436177,2,0,0.007174046,Visual1,0.417500629,1,-0.345565102
L_PeEc,122,2,0,0.000180933,2,0,7.50E-05,2,0,-8.10E-05,2,0,1.77E-05,1,0.05849587,0.012385028,2,0,0.010028442,Ventral-Multimodal,0.383509717,1,-1.129155788
L_STGa,123,2,0,-0.000407387,1,0.013040244,0.000178043,2,0,0.00019421,1,0.007460935,-0.000171326,1,0.033146084,0.008812008,2,0,0.007614361,Language,0.759405063,3,-0.738097521
L_PBelt,124,2,0,0.001905038,1,0.024314231,0.001257871,2,0,0.000520297,1,0.017801574,-0.000662618,2,0,0.009641135,1,0.036028494,0.007995696,Auditory,0.794787666,4,-0.386564081
L_A5,125,2,0,0.003220465,1,0.02012633,0.003479754,2,0,0.000943972,1,0.015295239,-0.00017974,1,0.063953311,0.019904363,1,0.035942237,0.014836485,Language,0.977734391,5,-0.839580336
L_PHA1,126,2,0,0.000692268,2,0,0.000573807,2,0,-9.75E-07,2,0,-5.41E-05,1,0.033425594,0.009911989,2,0,0.007900697,Default,0.659180106,3,-0.603461557
L_PHA3,127,2,0,6.91E-05,2,0,0.000260513,1,0.000779721,-2.47E-05,2,0,-4.27E-05,1,0.031050254,0.005684467,2,0,0.006988887,Dorsal-Attention,0.404127742,1,-0.856162624
L_STSda,128,2,0,0.002553152,1,0.016385193,0.002993243,2,0,8.38E-06,1,0.012539594,0.000776459,1,0.055588125,0.016133111,2,0,0.009144714,Language,0.962426995,5,-0.781146942
L_STSdp,129,2,0,0.001805239,1,0.012124283,0.001736395,2,0,0.001199194,1,0.011164614,0.000114806,1,0.05553033,0.017088915,2,0,0.013432948,Language,0.882323097,4,-0.718148831
L_STSvp,130,2,0,0.000556676,1,0.009584647,0.000290988,2,0,0.000157052,1,0.007805543,0.000157399,1,0.073482955,0.02233467,2,0,0.019332017,Default,0.844730111,4,-0.819654446
L_TGd,131,1,0.02200646,0.002204423,2,0,0.002326497,1,0.016094256,0.001423601,2,0,0.000984153,1,0.091456124,0.021717835,2,0,0.014595189,Default,0.849314511,4,-1.23523066
L_TE1a,132,1,0.027450218,0.002060904,2,0,0.002830744,1,0.021140906,0.000521458,2,0,0.001485297,1,0.089248761,0.025346023,2,0,0.020450555,Default,0.660796586,3,-1.298066459
L_TE1p,133,1,0.042939644,0.002721883,2,0,0.005813915,1,0.038773059,0.003798152,2,0,0.002988484,1,0.095441821,0.023964148,2,0,0.013669783,Frontoparietal,0.786626128,4,-1.332979754
L_TE2a,134,1,0.060693554,0.001659958,2,0,0.001163533,1,0.046338617,0.002589989,2,0,0.001447383,1,0.110192823,0.017722362,2,0,0.013549528,Default,0.889617953,5,-1.421406224
L_TF,135,1,0.068529585,0.004212896,2,0,0.005248289,1,0.051797391,0.000846349,2,0,0.000258641,1,0.118669361,0.027461998,2,0,0.0175504,Ventral-Multimodal,0.984952137,5,-1.31684946
L_TE2p,136,1,0.041936206,0.001079709,2,0,0.00053663,1,0.029634446,0.001516887,2,0,0.00200453,1,0.064036932,0.017140481,2,0,0.016357534,Dorsal-Attention,0.79293712,4,-1.387259958
L_PHT,137,2,0,0.001033087,2,0,0.000456859,0,0,0.001522421,0,0,0.002133434,3,0,0.032214101,2,0,0.015128595,Dorsal-Attention,0.814286254,4,-1.286762874
L_PH,138,1,0.062290532,0.003399686,2,0,0.00202836,1,0.043637124,0.001243084,2,0,0.003265508,1,0.111358975,0.025588964,2,0,0.022685821,Visual2,0.570171027,2,-1.202324734
L_TPOJ1,139,2,0,0.002926613,1,0.008047294,0.001741233,2,0,0.005009475,1,0.010991239,0.002031278,2,0,0.008450901,2,0,0.009761012,Language,1.021024807,6,-0.906512203
L_TPOJ2,140,2,0,0.001689961,1,0.007873159,0.001551453,2,0,0.000995542,1,0.007113203,0.001642461,2,0,0.014557585,2,0,0.010466993,Posterior-Multimodal,0.84182175,4,-1.076610972
L_TPOJ3,141,2,0,0.000582553,1,0.008134653,0.000581073,2,0,0.001290546,1,0.005954449,0.00128749,2,0,0.013034831,2,0,0.008304945,Posterior-Multimodal,0.49620715,1,-1.13710572
L_DVT,142,1,0.060766855,0.004257627,2,0,0.004268126,1,0.060718351,0.001607496,2,0,0.003625438,1,0.118913441,0.022080242,2,0,0.020119095,Visual1,0.56981545,2,-0.464489577
L_PGp,143,1,0.047017608,0.004612369,2,0,0.001250789,1,0.042875336,7.87E-05,2,0,-7.99E-05,1,0.095449868,0.029390397,2,0,0.020472942,Dorsal-Attention,0.569087104,2,-1.188217538
L_IP2,144,2,0,0.01142473,2,0,0.010917421,2,0,0.000893623,2,0,0.002224712,2,0,0.018332506,2,0,0.009592633,Frontoparietal,1.30165128,8,1.495221471
L_IP1,145,2,0,0.001469347,2,0,0.002031427,2,0,0.001532823,2,0,0.000445924,3,0,0.02309329,2,0,0.021643533,Frontoparietal,0.586144783,2,0.387858679
L_IP0,146,1,0.018900484,0.000765859,2,0,0.000817418,1,0.013018369,-0.000284413,2,0,0.000348858,2,0,0.01524172,2,0,0.009476066,Dorsal-Attention,0.528064438,2,-0.835498043
L_PFop,147,2,0,0.012724918,2,0,0.014418571,2,0,0.002498338,1,0.016550414,0.003412998,2,0,0.016657634,2,0,0.012096363,Cingulo-Opercular,1.049763869,6,-0.464992593
L_PF,148,4,0,0.03094879,2,0,0.025237322,2,0,0.010201264,1,0.031530528,0.011486043,3,0,0.020454904,0,0,0.01195239,Cingulo-Opercular,1.080078703,6,-0.3133369
L_PFm,149,4,0,0.028081051,4,0,0.023860756,2,0,0.008898617,2,0,0.010986323,2,0,0.015673596,0,0,0.009397979,Frontoparietal,1.102085266,6,-0.100970862
L_PGi,150,2,0,0.001346905,1,0.011402474,0.001669251,2,0,0.00095667,1,0.016279692,0.004880257,3,0,0.025865326,2,0,0.019898911,Default,0.826039907,4,-0.669344615
L_PGs,151,2,0,0.008272545,1,0.023544787,0.004921196,2,0,0.0066973,1,0.022950611,0.004083042,0,0,0.02228142,2,0,0.011676334,Default,0.776821603,4,-0.533295683
L_V6A,152,1,0.060300372,0.001997993,2,0,0.001555381,1,0.041942845,0.001143033,2,0,0.001416416,1,0.086185345,0.021683273,2,0,0.016579457,Visual2,0.593004376,2,-1.062081395
L_VMV1,153,2,0,0.00043968,2,0,-5.04E-05,1,0.000970074,4.68E-05,2,0,0.000582946,1,0.035543352,0.008727208,2,0,0.00697569,Visual2,0.336760279,1,-0.579502452
L_VMV3,154,1,0.020599109,0.000990293,2,0,0.001510511,1,0.015127128,0.000661373,2,0,0.000759438,1,0.035554193,0.006839173,2,0,0.003339312,Visual2,0.422172397,1,-0.709950421
L_PHA2,155,2,0,-0.000100618,2,0,0.000419662,0,0,6.68E-05,2,0,0.000105367,1,0.015081633,0.003427732,2,0,0.003117315,Default,0.547625005,2,-0.713041822
L_V4t,156,1,0.021661258,0.000582367,2,0,0.000454065,1,0.013064803,0.000500873,2,0,0.000803589,2,0,0.009351127,2,0,0.005964059,Visual2,0.630902799,3,-1.406406209
L_FST,157,1,0.021216541,0.000344997,2,0,6.61E-05,1,0.010512767,0.000226702,2,0,0.000359199,2,0,0.012623939,2,0,0.007457874,Visual2,0.424965588,1,-0.984056312
L_V3CD,158,1,0.030748438,0.000363757,2,0,0.000555434,1,0.020708761,9.00E-05,2,0,0.000481033,1,0.046062637,0.012444384,2,0,0.008726904,Visual2,0.645132074,3,-1.429831994
L_LO3,159,1,0.014252155,0.002322219,2,0,0.000777236,1,0.011071998,-0.000244622,2,0,0.000464535,1,0.021514113,0.008425517,2,0,0.005872927,Visual2,0.604056184,2,-1.203081575
L_VMV2,160,2,0,6.16E-05,2,0,-5.39E-05,1,0.000233264,-2.34E-05,2,0,-7.74E-05,1,0.031431929,0.007387835,1,0.009442471,0.004647784,Visual2,0.347353311,1,-0.650030289
L_31pd,161,2,0,0.007942583,2,0,0.006329122,2,0,0.002027052,2,0,0.002692355,2,0,0.013455969,2,0,0.006283316,Default,1.116119117,7,0.24296157
L_31a,162,2,0,0.004887406,2,0,0.006349423,2,0,0.001703706,2,0,0.002124292,2,0,0.007812304,2,0,0.007241878,Default,1.078940224,6,0.48071877
L_VVC,163,1,0.037139967,0.000373418,2,0,0.001306563,1,0.0346351,-0.000277334,2,0,0.000260848,1,0.062027455,0.010797594,2,0,0.004923972,Visual2,0.432954106,1,-0.985915156
L_25,164,2,0,0.006316343,2,0,0.007206526,2,0,0.000607941,2,0,0.003632832,2,0,0.005126957,2,0,0.00395682,Default,1.332030735,9,-0.270085086
L_s32,165,2,0,0.00841504,2,0,0.006611443,1,0.010578524,0.000982296,2,0,0.002726138,2,0,0.005299601,2,0,0.004212303,Default,1.398967252,9,-0.571428883
L_pOFC,166,2,0,0.001065847,2,0,0.000588083,2,0,0.000726386,2,0,0.000404979,2,0,0.007681172,2,0,0.005510843,Orbito-Affective,0.807012439,4,-0.208589658
L_PoI1,167,1,0.024799495,0.005822626,1,0.024602045,0.004456779,1,0.018375361,0.00118476,1,0.020690696,-0.000620552,1,0.103110492,0.02708646,1,0.042040202,0.018564413,Cingulo-Opercular,0.785383348,4,0.197815066
L_Ig,168,2,0,0.002275778,1,0.015115636,0.00195275,2,0,-0.000623758,1,0.007776292,-0.000239418,2,0,0.012442612,2,0,0.003562539,Somatomotor,0.801245792,4,0.94456187
L_FOP5,169,2,0,0.000716149,2,0,0.000340986,2,0,0.00242545,2,0,0.001468579,2,0,0.013929206,2,0,0.005854247,Cingulo-Opercular,0.511264937,1,1.303624708
L_p10p,170,4,0,0.026130944,4,0,0.027096117,2,0,0.006676572,2,0,0.006103974,3,0,0.02986705,2,0,0.021768469,Frontoparietal,1.478353628,10,-0.909994951
L_p47r,171,4,0,0.047443389,4,0,0.044695737,2,0,0.008687668,2,0,0.005972037,3,0,0.033577007,2,0,0.022574899,Frontoparietal,1.469702411,10,0.038723005
L_TGv,172,2,0,0.000723993,2,0,0.000585962,2,0,0.000747821,2,0,0.000123509,1,0.060703201,0.01610618,2,0,0.008313391,Language,1.133046312,7,-1.501442829
L_MBelt,173,2,0,0.000678475,1,0.019782396,0.000946304,2,0,0.000189719,1,0.01465487,-0.000135379,1,0.022183962,0.007384697,1,0.026095229,0.006205314,Auditory,0.86884329,4,-0.106115583
L_LBelt,174,2,0,0.002464209,1,0.02019953,0.001929211,2,0,0.002090772,1,0.016327857,0.000776182,2,0,0.008734719,1,0.024409629,0.0073787,Auditory,0.742586212,3,-0.123826815
L_A4,175,2,0,0.00455781,1,0.027174879,0.004304252,2,0,0.001191909,1,0.024218555,0.000990108,1,0.083150306,0.024110359,1,0.050303544,0.015424564,Auditory,0.839702982,4,-0.780780476
L_STSva,176,2,0,0.001141017,1,0.008581749,0.000972994,2,0,0.000904108,1,0.005833843,0.001031645,1,0.047501923,0.014435168,2,0,0.011898529,Default,0.850854331,4,-0.973933254
L_TE1m,177,1,0.021050033,0.00153431,1,0.003160757,0.000474478,1,0.017124272,0.000653353,2,0,0.00132957,1,0.076943313,0.013973964,2,0,0.010247741,Default,0.665262233,3,-1.269716893
L_PI,178,2,0,0.00121003,1,0.011737948,0.001030025,2,0,0.0007176,1,0.008008014,0.000502806,1,0.025338721,0.004823344,2,0,0.004847171,Cingulo-Opercular,0.704334009,3,-0.44797694
L_a32pr,179,4,0,0.039470581,4,0,0.03880084,2,0,0.007394319,2,0,0.010953106,3,0,0.030851544,2,0,0.023116147,Cingulo-Opercular,1.055335447,6,0.722302617
L_p24,180,2,0,0.009324949,2,0,0.011006102,2,0,0.006297219,2,0,0.010620504,2,0,0.020411655,2,0,0.014026981,Cingulo-Opercular,0.926274705,5,0.169484023
L_AV,181,2,0,0.000851463,2,0,0.000146861,2,0,0.000203804,2,0,0.000267808,2,0,0.004716983,2,0,0.002298271,subcortex,0.888005116,5,2.221525738
L_CeM,182,2,0,0.001865628,2,0,0.00168465,2,0,0.000562412,2,0,-0.000263604,2,0,0.005726825,2,0,0.005638392,subcortex,1.184042216,8,1.288529578
L_CL,183,2,0,0.000291799,2,0,0.000421063,2,0,6.62E-05,2,0,-0.000105693,2,0,0.003477419,1,0.003526187,0.000899656,subcortex,0.401241757,1,2.460868144
L_CM,184,4,0,0.077180247,4,0,0.069166941,2,0,0.009147324,2,0,0.007280573,3,0,0.029807336,2,0,0.018288687,subcortex,1.260705598,8,0.790020477
L_LD,185,2,0,0.000365653,2,0,0.001405069,2,0,0.000174788,2,0,0.000274183,2,0,0.002547122,2,0,0.00224459,subcortex,0.968535521,5,2.614855574
L_LGN,186,1,0.021362027,0.006309313,2,0,0.006481507,1,0.050143311,0.003454006,2,0,0.003398024,1,0.102789437,0.026141437,2,0,0.021271119,subcortex,0.351319579,1,0.03806101
L_LP,187,2,0,0.003184759,2,0,0.002447802,2,0,0.000198162,2,0,0.000978246,2,0,0.004683162,2,0,0.005141983,subcortex,0.75426246,3,2.618783756
L_L-Sg,188,0,0,0.000911484,2,0,0.000783044,1,0.003731796,0.000500184,2,0,0.000203827,2,0,0.005049509,2,0,0.003571871,subcortex,0,1,0.319706773
L_MDl,189,2,0,0.002561406,2,0,0.003802075,2,0,0.000618722,2,0,0.000882828,2,0,0.007397849,2,0,0.003697064,subcortex,1.233545573,8,1.727382301
L_MDm,190,2,0,0.006263182,2,0,0.005487135,2,0,0.001740214,2,0,0.001503011,2,0,0.02310928,2,0,0.012729445,subcortex,1.128100875,7,1.426879477
L_MGN,191,2,0,0.002442874,2,0,0.00219439,2,0,0.001483322,1,0.003041263,0.000182799,1,0.031480264,0.012366993,2,0,0.007548905,subcortex,0.075590857,1,0.154028232
L_MV-Re,192,2,0,0.000131425,2,0,0.00063477,2,0,4.22E-06,2,0,3.32E-07,2,0,5.39E-06,2,0,0.000814409,subcortex,1.237767997,8,0.942839348
L_Pf,193,2,0,0.011591872,2,0,0.010736065,2,0,0.003459652,2,0,0.002588467,2,0,0.007090233,2,0,0.004201606,subcortex,1.180039443,7,0.586737917
L_PuA,194,2,0,0.023769949,4,0,0.022464428,2,0,0.003130827,2,0,0.0023363,0,0,0.023805247,2,0,0.016193666,subcortex,1.157103516,7,1.089154809
L_PuI,195,1,0.030491372,0.003070369,2,0,0.003036364,1,0.018963698,0.001398032,2,0,0.001579998,1,0.040118227,0.016606714,2,0,0.01186016,subcortex,0.641741275,3,0.189659633
L_PuL,196,2,0,0.019380169,2,0,0.021758862,2,0,0.006772046,2,0,0.002536555,1,0.07857218,0.027707536,2,0,0.017978522,subcortex,1.068476873,6,1.037779507
L_PuM,197,1,0.048795993,0.01489427,2,0,0.013653487,1,0.031315287,0.005441455,2,0,0.00474551,1,0.047403125,0.008986525,2,0,0.004337232,subcortex,1.046577835,6,0.676311402
L_VA,198,4,0,0.026656633,4,0,0.023739524,2,0,0.006246557,2,0,0.004257937,3,0,0.027681189,2,0,0.013682708,subcortex,1.131326342,7,2.321309836
L_VLa,199,4,0,0.056570894,4,0,0.060208112,2,0,0.009005514,2,0,0.013824416,3,0,0.019517021,2,0,0.010703604,subcortex,1.109943634,7,2.511785249
L_VLp,200,4,0,0.080683575,4,0,0.082194491,2,0,0.009401127,2,0,0.009861884,2,0,0.016511455,2,0,0.007440831,subcortex,1.179494474,7,2.150687386
L_VPL,201,4,0,0.078855837,4,0,0.069508655,2,0,0.0157324,2,0,0.010861835,1,0.031728152,0.00721331,2,0,0.003179849,subcortex,1.098930286,6,1.112410577
L_Putam,202,2,0,0.025395912,2,0,0.02214692,2,0,0.005245145,2,0,0.003116445,1,0.010315696,0.001178702,1,0.002633553,0.000163857,subcortex,1.760388154,10,1.54926326
L_Caud,203,4,0,0.039313986,4,0,0.036554519,2,0,0.008658168,2,0,0.006600504,1,0.010947173,0.002575128,2,0,0.000753645,subcortex,1.500604698,10,2.952204743
L_NAc,204,2,0,0.002214215,2,0,0.001920658,2,0,0.001448848,2,0,0.000571898,2,0,0.007750229,2,0,0.005370117,subcortex,1.571308236,10,0.422017743
L_Gpe,205,4,0,0.070469786,4,0,0.064505375,2,0,0.010451322,2,0,0.008734081,3,0,0.019524166,2,0,0.014542549,subcortex,1.804297533,10,1.935144268
L_Gpi,206,4,0,0.029466892,4,0,0.027185376,2,0,0.00228895,2,0,0.002720143,3,0,0.032087354,2,0,0.021482557,subcortex,1.452168753,9,1.157928103
L_Amyg,207,2,0,0.003068534,2,0,0.002566254,2,0,0.002445279,2,0,0.001651654,1,0.058688522,0.021331155,2,0,0.012696351,subcortex,1.073602835,6,-0.306417794
L_SNpc,208,2,0,0.004615679,2,0,0.004970911,2,0,0.001164307,2,0,0.000635909,2,0,0.007469266,2,0,0.003434469,subcortex,1.558652922,10,-0.094269009
L_SNpr,209,2,0,0.01189918,2,0,0.013579796,2,0,0.001771179,2,0,0.000312851,3,0,0.025995348,2,0,0.016273604,subcortex,1.446238916,9,0.014942154
L_VTA,210,2,0,0.002871608,2,0,0.002104461,0,0,-4.12E-05,2,0,3.69E-05,2,0,0.004485018,2,0,0.003422354,subcortex,1.123896155,7,-0.281318805
L_MB,211,1,0.007486135,0.001575731,2,0,0.002758804,1,0.002106261,-0.000158329,2,0,-0.000657428,2,0,0.005631631,2,0,0.002154972,subcortex,0.863943045,4,0.033051168
L_Septum,212,2,0,0.003185981,2,0,0.00422502,2,0,0.000157604,2,0,-4.16E-05,2,0,0.007573215,2,0,0.005360252,subcortex,1.483027091,10,0.744651384
L_Nb,213,2,0,0.008688617,2,0,0.006923694,2,0,0.001491839,2,0,0.004496274,1,0.043617144,0.017139086,2,0,0.009973693,subcortex,1.237767997,8,0.491721902
R_V1,214,1,3.082648292,0.005608257,2,0,0.001361593,1,2.672163186,0.005087448,2,0,0.001637786,1,1.007720248,0.018540445,2,0,0.010087135,Visual1,0.603466256,2,-1.237429499
R_MST,215,1,0.014064416,0.000753862,2,0,0.000955302,1,0.013354489,0.000982934,1,0.00432608,0.00112159,1,0.024564382,0.008811537,2,0,0.006069641,Visual2,0.520761616,2,-1.029190512
R_V6,216,1,0.074272086,0.001870729,2,0,0.001990354,1,0.05952872,0.00208116,2,0,0.001968796,1,0.119257766,0.020688376,2,0,0.011659934,Visual2,0.561182274,2,-0.784549475
R_V2,217,1,0.090793313,0.002991622,2,0,0.001855663,1,0.073101126,0.002316448,2,0,0.000642229,1,0.136488869,0.021988645,2,0,0.016147138,Visual2,0.600031546,2,-1.134731577
R_V3,218,1,0.100907923,0.001698438,2,0,0.002783858,1,0.071351313,0.000760621,2,0,0.000225112,1,0.138709706,0.02376522,2,0,0.019838866,Visual2,0.611257799,2,-1.354547262
R_V4,219,1,0.075732467,0.00026231,2,0,0.000651591,1,0.05692232,0.000284691,2,0,0.002058584,1,0.114311699,0.021785697,2,0,0.018803548,Visual2,0.512033218,1,-1.265512474
R_V8,220,1,0.03822984,0.000447575,2,0,0.00077724,1,0.033153306,-6.04E-05,2,0,0.00016129,1,0.030180819,0.005254332,2,0,0.003968499,Visual2,0.383890955,1,0.605002825
R_4,221,4,0,0.069599951,4,0,0.065186797,2,0,0.013632624,2,0,0.012371745,2,0,0.010073944,2,0,0.004641842,Somatomotor,1.494183243,10,0.347319904
R_3b,222,4,0,0.055134499,4,0,0.051950024,2,0,0.006778737,2,0,0.008146607,3,0,0.028703537,2,0,0.017800602,Somatomotor,1.569195969,10,0.113758032
R_FEF,223,4,0,0.078651758,4,0,0.075244648,2,0,0.013231398,2,0,0.012597461,3,0,0.023329808,2,0,0.017858944,Cingulo-Opercular,1.570672314,10,0.372890995
R_PEF,224,4,0,0.060194736,4,0,0.058307357,2,0,0.007821982,2,0,0.006693268,3,0,0.025154823,2,0,0.018801078,Dorsal-Attention,1.417528844,9,0.774428115
R_55b,225,4,0,0.073551226,4,0,0.06690121,2,0,0.010116702,2,0,0.010634596,3,0,0.030802743,2,0,0.02295877,Language,1.503867613,10,0.023040248
R_V3A,226,1,0.087979308,0.003202931,2,0,0.004019159,1,0.063619429,3.20E-05,2,0,0.000143553,1,0.132355083,0.027491276,2,0,0.019433459,Visual2,0.642274277,3,-1.185920671
R_RSC,227,4,0,0.055772442,4,0,0.051285192,1,0.046117543,0.006311332,2,0,0.009233485,1,0.038153914,0.007831161,2,0,0.003119605,Frontoparietal,1.053942701,6,0.487809379
R_POS2,228,1,0.114265893,0.011125633,2,0,0.009421149,1,0.078483915,0.005415239,2,0,0.002492848,1,0.090032089,0.018130905,2,0,0.012061288,Frontoparietal,0.691761683,3,-0.379690044
R_V7,229,1,0.045583725,0.001932419,2,0,0.001312856,1,0.038798385,0.001231189,2,0,0.000968795,1,0.069246602,0.017380618,2,0,0.013308924,Visual2,0.648047746,3,-1.132607541
R_IPS1,230,1,0.044794819,0.002152671,2,0,0.000868893,1,0.037063611,0.000471564,2,0,-0.000372271,1,0.074288715,0.01741949,2,0,0.015679559,Visual2,0.61712482,2,-0.509751196
R_FFC,231,1,0.042693162,0.001189033,0,0,0.000630035,1,0.02813528,0.000808858,2,0,0.0006864,1,0.065128546,0.010805668,2,0,0.003754077,Visual2,0.411170732,1,-1.168760418
R_V3B,232,1,0.037190022,0.00054973,2,0,-7.31E-05,1,0.026589503,0.000183915,2,0,0.000239789,2,0,0.011099223,2,0,0.004326233,Visual2,0.611399395,2,-1.212096132
R_LO1,233,1,0.015195806,0.000730871,2,0,0.000339381,1,0.013449103,0.000421274,2,0,0.000279123,1,0.021218531,0.005765685,2,0,0.00480573,Visual2,0.589636548,2,-1.336892604
R_LO2,234,1,0.01919068,0.000807203,2,0,0.000729547,1,0.011856616,-0.000161803,2,0,0.000295137,1,0.018620212,0.008577652,2,0,0.004590861,Visual2,0.634862143,3,-1.560643528
R_PIT,235,1,0.045044855,0.000870482,2,0,0.001489945,1,0.028469325,0.00017327,2,0,-0.000352492,1,0.050339676,0.009611049,2,0,0.005130149,Visual2,0.51221443,2,-1.495252672
R_MT,236,1,0.012085478,0.000549771,2,0,0.000594541,1,0.012023734,0.001730678,1,0.003383246,0.00075545,2,0,0.009967961,2,0,0.005593418,Visual2,0.375545449,1,-1.376337841
R_A1,237,2,0,0.000273643,1,3.690498761,0.005386973,2,0,4.79E-05,1,3.295686879,0.004680098,2,0,0.003661875,1,3.223342612,0.008957243,Auditory,0.883846171,4,-0.39610299
R_PSL,238,2,0,0.003485911,1,0.017532991,0.005258575,2,0,0.004830029,1,0.0219814,0.006550331,2,0,0.02358429,2,0,0.019086807,Language,0.921294659,5,-0.908750915
R_SFL,239,4,0,0.03668034,4,0,0.035538227,2,0,0.005093925,2,0,0.00718562,2,0,0.013135667,2,0,0.005546171,Language,1.479675389,10,0.983589456
R_PCV,240,4,0,0.062589678,4,0,0.060800943,2,0,0.008277155,2,0,0.003447585,3,0,0.02957059,2,0,0.015824234,Posterior-Multimodal,1.394033937,9,0.238487728
R_STV,241,2,0,0.002349739,1,0.010083891,0.001106877,2,0,0.000774577,1,0.007845165,0.000888915,2,0,0.010967928,2,0,0.007750757,Language,0.910280185,5,-1.103216418
R_7Pm,242,1,0.080924267,0.027702676,4,0,0.020823333,1,0.048556507,0.004865472,2,0,0.003966443,1,0.104689435,0.029047538,2,0,0.022459222,Frontoparietal,1.005063307,6,0.09580438
R_7m,243,1,0.034642947,0.010376428,2,0,0.011964768,1,0.017596416,0.001979645,2,0,0.00247118,1,0.07883233,0.02050347,2,0,0.019417116,Default,1.175047978,7,-0.132245782
R_POS1,244,1,0.047911531,0.002527116,2,0,0.002656713,1,0.047026858,0.002889386,2,0,0.004124706,1,0.085622385,0.01663464,2,0,0.012358189,Default,0.445332212,1,-0.364060061
R_23d,245,2,0,0.009934131,2,0,0.011752453,2,0,0.00223844,2,0,0.001924866,2,0,0.008257642,2,0,0.006967062,Default,1.106720953,6,0.836171414
R_v23ab,246,2,0,0.004228389,2,0,0.004470265,2,0,0.000258345,2,0,0.000930115,2,0,0.007562042,2,0,0.006922541,Default,1.235926499,8,-0.269613035
R_d23ab,247,2,0,0.003566317,2,0,0.004162395,2,0,-0.000344044,2,0,0.000949382,2,0,0.006542099,2,0,0.005442324,Default,1.125840142,7,0.432248739
R_31pv,248,2,0,0.003915083,2,0,0.005986301,2,0,0.000282134,2,0,0.000704846,2,0,0.013227541,2,0,0.008376308,Default,1.149346656,7,0.188957478
R_5m,249,4,0,0.05837323,4,0,0.053793962,2,0,0.012096531,2,0,0.007182549,3,0,0.022390713,2,0,0.01184512,Somatomotor,1.144276405,7,0.030277816
R_5mv,250,4,0,0.08108879,4,0,0.077064128,2,0,0.01100587,2,0,0.014257538,3,0,0.026219796,2,0,0.012729446,Cingulo-Opercular,1.293899739,8,0.302367455
R_23c,251,4,0,0.074562887,4,0,0.063278718,2,0,0.008860333,2,0,0.006826112,3,0,0.027171182,2,0,0.018942986,Cingulo-Opercular,1.402591338,9,0.486351379
R_5L,252,4,0,0.059516684,4,0,0.059563903,2,0,0.003469636,2,0,0.006255149,3,0,0.026330188,2,0,0.016194963,Somatomotor,0.898339069,5,-0.260265084
R_24dd,253,4,0,0.074484594,4,0,0.06956075,2,0,0.014040428,2,0,0.012408676,3,0,0.02315404,2,0,0.017064806,Somatomotor,1.296788124,8,0.674264355
R_24dv,254,4,0,0.079358891,4,0,0.074908477,2,0,0.010301282,2,0,0.01229707,3,0,0.025065795,2,0,0.016694539,Somatomotor,1.230824895,8,1.069717739
R_7AL,255,4,0,0.04865359,4,0,0.048244524,2,0,0.011449044,2,0,0.011523173,3,0,0.031366412,2,0,0.018830571,Somatomotor,0.808573677,4,-0.157774183
R_SCEF,256,4,0,0.043036652,4,0,0.042995728,2,0,0.00990435,2,0,0.010694789,2,0,0.010111676,2,0,0.005257654,Cingulo-Opercular,1.401754486,9,0.881054138
R_6ma,257,4,0,0.030540141,4,0,0.029568704,2,0,0.004221949,2,0,0.006146206,2,0,0.008208163,2,0,0.003276743,Cingulo-Opercular,1.565701529,10,0.348749994
R_7Am,258,4,0,0.073626269,4,0,0.064224985,2,0,0.013400901,2,0,0.011214716,2,0,0.013144857,2,0,0.007471582,Cingulo-Opercular,1.027425911,6,0.294989972
R_7Pl,259,1,0.046647291,0.007583548,2,0,0.007913614,1,0.031891055,0.000455263,2,0,0.001034498,1,0.063385252,0.019093104,2,0,0.011086791,Dorsal-Attention,0.951805923,5,0.94104565
R_7PC,260,4,0,0.032199988,4,0,0.028530579,2,0,0.006344299,2,0,0.008756979,3,0,0.026182201,2,0,0.018313421,Somatomotor,1.077990267,6,0.225045093
R_LIPv,261,1,0.01868956,0.005785725,2,0,0.005943664,1,0.018031909,0.002613189,2,0,0.00367499,3,0,0.027822143,2,0,0.023157136,Visual2,0.840682726,4,3.493414841
R_VIP,262,2,0,0.020704429,2,0,0.017306221,2,0,0.004689479,2,0,0.004966159,3,0,0.030137862,2,0,0.025097426,Visual2,0.991098593,5,0.712483317
R_MIP,263,1,0.031238485,0.001519751,2,0,0.001091561,1,0.028411397,0.00031702,2,0,0.001228257,1,0.087060526,0.027092666,2,0,0.020453199,Dorsal-Attention,0.774615259,4,1.007347687
R_1,264,4,0,0.048455105,4,0,0.039637193,2,0,0.007664822,2,0,0.007451156,3,0,0.02883463,2,0,0.019141542,Somatomotor,1.392073121,9,-0.157277908
R_2,265,4,0,0.052597571,4,0,0.049804367,2,0,0.009653643,2,0,0.009188596,3,0,0.025642666,2,0,0.016742882,Somatomotor,1.266770178,8,0.503374805
R_3a,266,4,0,0.033310273,4,0,0.029889827,2,0,0.006019113,2,0,0.006581112,3,0,0.021517971,2,0,0.016398448,Somatomotor,1.681827108,10,0.280670043
R_6d,267,4,0,0.070775997,4,0,0.066109262,2,0,0.014366254,2,0,0.011898341,3,0,0.026407279,2,0,0.016848748,Somatomotor,1.5857632,10,0.356178045
R_6mp,268,4,0,0.058975273,4,0,0.053754945,2,0,0.012296261,2,0,0.007381204,2,0,0.015907316,2,0,0.006450414,Somatomotor,1.432063972,9,0.119811598
R_6v,269,4,0,0.060313089,4,0,0.062079685,2,0,0.009847767,2,0,0.008245611,3,0,0.035124672,2,0,0.022090077,Somatomotor,1.490715793,10,0.443119014
R_p24pr,270,2,0,0.008839667,2,0,0.010023003,2,0,0.00436232,2,0,0.005264002,2,0,0.00769827,2,0,0.006793069,Cingulo-Opercular,1.041820888,6,1.21847133
R_33pr,271,4,0,0.05890639,4,0,0.053428042,2,0,0.012684986,2,0,0.01142382,3,0,0.022390792,2,0,0.014193018,Cingulo-Opercular,1.159286381,7,1.389973948
R_a24pr,272,2,0,0.014687271,2,0,0.014050915,2,0,0.002941436,2,0,0.003925536,2,0,0.010158627,2,0,0.004149623,Cingulo-Opercular,1.068566838,6,1.151055588
R_p32pr,273,4,0,0.076869417,4,0,0.07136508,2,0,0.011548529,2,0,0.010207575,2,0,0.021964663,2,0,0.014436773,Cingulo-Opercular,1.187776091,8,1.242227672
R_a24,274,2,0,0.022802575,2,0,0.02295981,2,0,0.00429016,2,0,0.005727649,2,0,0.016022644,2,0,0.01346892,Default,1.201934467,8,-0.391914786
R_d32,275,4,0,0.045995038,4,0,0.041567419,2,0,0.006771476,2,0,0.008145836,2,0,0.019596312,2,0,0.012980962,Default,1.142583756,7,0.108657643
R_8BM,276,4,0,0.051079214,4,0,0.050766122,2,0,0.010514031,2,0,0.007832441,2,0,0.014715063,2,0,0.007173903,Frontoparietal,1.529625424,10,0.960841611
R_p32,277,2,0,0.022563547,2,0,0.023088646,2,0,0.003104892,2,0,0.005189521,2,0,0.013706986,2,0,0.008986326,Default,1.2303295,8,-0.799229857
R_10r,278,2,0,0.021901797,2,0,0.020094183,2,0,0.008289674,2,0,0.00597637,2,0,0.013437113,2,0,0.00812411,Default,1.445330469,9,-0.910720549
R_47m,279,2,0,0.005096725,2,0,0.002340295,2,0,-5.95E-06,2,0,0.001068868,2,0,0.004341226,2,0,0.001213615,Default,1.327969834,8,-0.772792579
R_8Av,280,4,0,0.073711183,4,0,0.07004881,2,0,0.012633601,2,0,0.007609629,2,0,0.011911569,2,0,0.005725225,Default,1.234817389,8,0.461908948
R_8Ad,281,4,0,0.071761176,4,0,0.069189909,2,0,0.01473555,2,0,0.011289167,3,0,0.028085043,2,0,0.015877798,Default,1.3882087,9,0.259302895
R_9m,282,4,0,0.06584,4,0,0.06218348,2,0,0.014816629,2,0,0.014616187,2,0,0.017151732,2,0,0.00962527,Default,1.208008791,8,-0.450002184
R_8BL,283,4,0,0.058152061,4,0,0.052070849,2,0,0.012740627,2,0,0.011748218,2,0,0.018759777,2,0,0.009594597,Default,1.431191429,9,0.053571146
R_9p,284,4,0,0.061610346,4,0,0.050622259,2,0,0.010837943,2,0,0.011406997,3,0,0.031881031,2,0,0.020369571,Default,1.469965198,10,-0.424164358
R_10d,285,4,0,0.041163573,4,0,0.035603456,2,0,0.005866118,2,0,0.010085174,3,0,0.028387974,2,0,0.015564277,Default,1.362438787,9,-1.247452652
R_8C,286,4,0,0.080527169,4,0,0.067792125,2,0,0.014018862,2,0,0.011497286,3,0,0.0227539,2,0,0.009864008,Frontoparietal,1.173962329,7,0.897394474
R_44,287,4,0,0.058882482,4,0,0.053804411,2,0,0.013517051,2,0,0.011864503,3,0,0.021044816,2,0,0.01256001,Language,1.06610254,6,-0.095920832
R_45,288,4,0,0.032679493,4,0,0.029812021,2,0,0.008114919,2,0,0.009408031,3,0,0.027160909,2,0,0.015445094,Language,1.24353262,8,-0.496385352
R_47l,289,2,0,0.010451998,2,0,0.008482061,2,0,0.004488828,2,0,0.00210645,2,0,0.022880049,2,0,0.015347829,Default,1.344672501,9,-0.799718828
R_a47r,290,4,0,0.041115657,4,0,0.034838677,2,0,0.009728302,0,0,0.009316908,3,0,0.029136945,2,0,0.015184225,Frontoparietal,1.453363657,9,-1.10122864
R_6r,291,4,0,0.078913436,4,0,0.07130828,2,0,0.010023437,2,0,0.009220639,2,0,0.019444769,2,0,0.011262752,Cingulo-Opercular,1.311465387,8,0.186867583
R_IFJa,292,4,0,0.024423497,2,0,0.023292003,2,0,0.003367219,2,0,0.00672941,3,0,0.022004506,2,0,0.013221716,Language,1.026795186,6,1.408550906
R_IFJp,293,4,0,0.031139326,4,0,0.025884125,2,0,0.005201908,2,0,0.007558125,2,0,0.016509926,2,0,0.013642858,Frontoparietal,1.183277608,8,1.182636478
R_IFSp,294,4,0,0.041942699,4,0,0.035985898,2,0,0.009633502,2,0,0.008580108,3,0,0.031743368,2,0,0.019428934,Language,1.050470198,6,0.355185975
R_IFSa,295,4,0,0.051664128,4,0,0.049595109,2,0,0.009952973,2,0,0.007189779,3,0,0.034590299,2,0,0.023886187,Frontoparietal,1.356950834,9,-0.095786631
R_p9-46v,296,4,0,0.058765803,4,0,0.054584217,2,0,0.011838048,2,0,0.009197619,3,0,0.026869612,2,0,0.017495618,Frontoparietal,1.114935072,7,1.321682239
R_46,297,4,0,0.065783533,4,0,0.063683741,2,0,0.010202251,2,0,0.009470858,3,0,0.024657729,2,0,0.014463339,Cingulo-Opercular,1.267601372,8,0.360453833
R_a9-46v,298,4,0,0.056341212,4,0,0.051341583,2,0,0.010488978,2,0,0.009404153,3,0,0.036618515,2,0,0.025199029,Frontoparietal,1.483197629,10,1.099675785
R_9-46d,299,4,0,0.053211131,4,0,0.048132066,2,0,0.012574007,2,0,0.011834451,3,0,0.025345693,2,0,0.014608231,Cingulo-Opercular,1.442800821,9,-0.389232751
R_9a,300,4,0,0.052658353,4,0,0.047916714,2,0,0.009026094,2,0,0.008120301,3,0,0.026696202,2,0,0.016858034,Default,1.455684573,9,-0.885650105
R_10v,301,2,0,0.014585474,2,0,0.012680968,2,0,0.004169523,2,0,0.004696754,2,0,0.015339903,2,0,0.010319348,Default,1.333699899,9,-1.140068524
R_a10p,302,2,0,0.019322609,2,0,0.014033725,2,0,0.006201233,2,0,0.002841768,2,0,0.021337231,2,0,0.014290098,Frontoparietal,1.383143603,9,-1.406006754
R_10pp,303,2,0,0.014146406,2,0,0.013160971,2,0,0.003154758,2,0,0.005723972,2,0,0.02556556,2,0,0.013104768,Default,1.333017887,9,-1.470612632
R_11l,304,2,0,0.009507668,2,0,0.008464535,2,0,0.001164467,2,0,0.000299697,1,0.034103006,0.012018075,2,0,0.006559125,Frontoparietal,1.316068604,8,-1.109017975
R_13l,305,2,0,0.001308132,2,0,0.000638851,2,0,0.00086989,0,0,0.001666189,2,0,0.004823124,2,0,0.002141563,Frontoparietal,1.307161179,8,-0.654825756
R_OFC,306,2,0,0.007893831,2,0,0.005784384,2,0,0.003578003,2,0,0.004205572,1,0.044906578,0.0153538,2,0,0.008611812,Default,1.119946919,7,-0.872150597
R_47s,307,2,0,0.004774407,2,0,0.004902591,2,0,0.00355327,2,0,0.002059929,0,0,0.010953799,2,0,0.005487481,Default,1.245204342,8,-0.520942108
R_LIPd,308,2,0,0.008992594,2,0,0.007252036,2,0,0.004867273,2,0,0.00341213,2,0,0.01332737,2,0,0.007271337,Dorsal-Attention,1.052020737,6,1.060761384
R_6a,309,4,0,0.051605096,4,0,0.051474701,2,0,0.011770875,2,0,0.01323338,3,0,0.022898351,2,0,0.014475336,Dorsal-Attention,1.576974785,10,1.669132021
R_i6-8,310,4,0,0.084816405,4,0,0.071393275,2,0,0.012601712,2,0,0.01243691,3,0,0.025241562,2,0,0.011324017,Frontoparietal,1.342432552,9,1.586015606
R_s6-8,311,4,0,0.067190149,4,0,0.065220152,2,0,0.013055891,2,0,0.011618025,3,0,0.030953589,2,0,0.016036061,Frontoparietal,1.502881546,10,0.309353064
R_43,312,2,0,0.013805586,2,0,0.010535681,2,0,0.006553612,2,0,0.005626894,3,0,0.027330277,2,0,0.020567927,Cingulo-Opercular,1.136079235,7,-0.344843758
R_OP4,313,2,0,0.001719058,1,0.011683888,0.002920105,2,0,0.002884141,1,0.012128059,0.002839595,2,0,0.018559795,2,0,0.008221582,Somatomotor,0.679885377,3,-0.362980635
R_OP1,314,2,0,0.003407641,1,0.012367304,0.003039418,2,0,0.001238053,1,0.012766772,0.000507457,2,0,0.006628097,2,0,0.005758555,Somatomotor,0.798163499,4,-0.166275913
R_OP2-3,315,2,0,0.002039279,1,0.010128121,0.00153091,2,0,1.20E-05,1,0.007863504,0.000233265,2,0,0.00584444,2,0,0.005394209,Somatomotor,0.812066397,4,0.145188993
R_52,316,2,0,0.002263814,1,0.015879742,0.001696368,2,0,0.000718729,1,0.012773238,0.000661479,1,0.039090574,0.009752535,1,0.02594651,0.007413412,Auditory,0.932194139,5,-0.44105974
R_RI,317,2,0,0.003533626,1,0.025303853,0.002992915,2,0,0.001769953,1,0.021828109,0.002222793,2,0,0.01546906,1,0.039713393,0.011635815,Auditory,0.915785338,5,-0.275395293
R_PFcm,318,2,0,0.005161959,1,0.022938787,0.004596139,2,0,0.002684259,1,0.026359214,0.002396278,2,0,0.015930899,0,0,0.011545193,Cingulo-Opercular,0.896595601,5,-0.387544247
R_PoI2,319,2,0,0.001162282,1,0.014818564,0.001701032,2,0,0.002079069,1,0.014758412,0.001234824,3,0,0.025800082,2,0,0.013780511,Cingulo-Opercular,0.676531747,3,-0.094666721
R_TA2,320,2,0,0.002105825,1,0.016874213,0.003178643,1,0.001454862,-0.000387124,1,0.011058334,-0.000616008,1,0.021436518,0.005737554,2,0,0.00345006,Auditory,0.978746868,5,-0.58666326
R_FOP4,321,2,0,0.010541205,2,0,0.008698477,2,0,0.006498096,2,0,0.006288277,3,0,0.026677581,2,0,0.016886409,Cingulo-Opercular,0.908325945,5,1.198343611
R_MI,322,2,0,0.0027364,2,0,0.002685973,2,0,0.000288036,2,0,0.00350249,2,0,0.023951249,2,0,0.020681116,Cingulo-Opercular,0.65395823,3,0.631908322
R_Pir,323,2,0,0.000232204,2,0,0.000524732,2,0,0.00057102,2,0,0.001547067,1,0.030607756,0.009648591,2,0,0.006504873,Orbito-Affective,0.708040722,3,-0.693124331
R_AVI,324,2,0,0.000394616,2,0,0.000251749,2,0,0.000615756,2,0,0.00084175,1,0.034223282,0.012486668,2,0,0.007428481,Frontoparietal,0.471599208,1,1.366424999
R_AAIC,325,2,0,0.000503797,2,0,0.000555947,2,0,5.07E-05,2,0,0.000274614,1,0.026214187,0.007050968,2,0,0.006264978,Orbito-Affective,0.547641626,2,0.005235812
R_FOP1,326,2,0,0.002419765,2,0,0.004683681,2,0,-0.000180721,2,0,0.001371221,2,0,0.009448238,2,0,0.009464367,Cingulo-Opercular,0.676132378,3,0.325652263
R_FOP3,327,2,0,0.001007195,2,0,0.000473183,2,0,-0.000410848,2,0,-0.000184925,2,0,0.00743336,2,0,0.004933913,Cingulo-Opercular,0.602660266,2,0.656436965
R_FOP2,328,2,0,0.000615589,2,0,0.001953587,2,0,0.001732898,2,0,0.00084676,2,0,0.006321749,2,0,0.004080195,Somatomotor,0.58311305,2,0.404672606
R_PFt,329,4,0,0.027272776,2,0,0.018768095,2,0,0.004530331,2,0,0.006585979,2,0,0.020551018,2,0,0.014127593,Dorsal-Attention,1.218840561,8,-0.522619084
R_AIP,330,2,0,0.018170456,2,0,0.018075145,2,0,0.003790832,2,0,0.002121614,3,0,0.027887054,2,0,0.015502439,Dorsal-Attention,1.139583399,7,0.92698712
R_EC,331,1,0.001067001,0.000234745,1,0.001365961,0.000596903,2,0,2.48E-05,2,0,-0.00031996,2,0,0.001392518,2,0,0.00215644,Default,0.365283019,1,-0.989775273
R_PreS,332,1,0.016484036,0.000542431,2,0,0.001718181,1,0.012467211,0.00010109,2,0,0.001212783,1,0.084230595,0.023643842,2,0,0.016296444,Default,0.478835181,1,-0.516593347
R_H,333,1,0.014467196,0.000111728,2,0,0.000990828,1,0.008259006,0.000108564,2,0,-9.82E-05,1,0.076845701,0.01334993,2,0,0.005927014,Default,0.377343338,1,-0.781255767
R_ProS,334,1,0.021127338,0.00039159,2,0,0.000384863,1,0.047586369,0.002660691,2,0,0.000656634,1,0.06650488,0.012595263,2,0,0.006859719,Visual1,0.402116896,1,-0.477075115
R_PeEc,335,2,0,0.000443143,2,0,0.000577824,1,0.000216071,5.08E-05,2,0,5.70E-05,1,0.038334545,0.010128108,2,0,0.009161653,Ventral-Multimodal,0.120002016,1,-1.310643378
R_STGa,336,2,0,0.000829194,1,0.009139487,0.000977525,2,0,0.000460421,1,0.003321166,-0.000292165,1,0.020968332,0.008202363,2,0,0.007843673,Language,0.774745449,4,-0.993460062
R_PBelt,337,2,0,0.002877041,1,0.019222269,0.003203868,2,0,0.000451063,1,0.015524337,0.001790606,2,0,0.012658902,1,0.032667508,0.006523079,Auditory,0.890290965,5,-0.793047906
R_A5,338,2,0,0.00345777,1,0.031087346,0.005758999,2,0,0.0016687,1,0.01400956,0.00105257,1,0.072632863,0.019537138,0,0,0.012287587,Language,1.010454495,6,-1.09908204
R_PHA1,339,2,0,0.000377909,2,0,0.000486373,2,0,-6.10E-05,2,0,-0.000182445,1,0.022734513,0.006293568,2,0,0.006946277,Default,0.525424472,2,-0.745696689
R_PHA3,340,1,0.011831499,0.000651957,1,0.001580707,0.000890042,1,0.010056834,0.000291745,2,0,0.000193481,1,0.038678622,0.008858523,2,0,0.006056606,Dorsal-Attention,0.388556972,1,-0.936724854
R_STSda,341,1,0.021780295,0.004711901,1,0.018373644,0.004288711,1,0.012683453,0.000507397,1,0.008277198,0.000318033,1,0.074235522,0.021043022,2,0,0.013067835,Language,0.970349307,5,-1.180325255
R_STSdp,342,2,0,0.003038,1,0.010890521,0.001983007,2,0,0.001105772,1,0.008282779,0.001289108,1,0.055559388,0.012947879,2,0,0.009608331,Language,0.983415795,5,-0.924219018
R_STSvp,343,2,0,0.001954084,1,0.009121634,0.002617327,1,0.003469033,-1.25E-05,1,0.009012404,0.00046686,1,0.068506881,0.021051831,2,0,0.012849575,Default,0.993014269,5,-1.188718394
R_TGd,344,1,0.014959437,0.002260032,2,0,0.002053904,1,0.014346479,0.000551928,2,0,-2.88E-05,1,0.116825846,0.027736601,2,0,0.01803251,Default,0.826976327,4,-1.35607032
R_TE1a,345,2,0,0.000442457,2,0,0.001164161,1,0.019719793,0.00012341,2,0,-0.0007237,1,0.051380945,0.016448387,2,0,0.011532642,Default,0.442788386,1,-1.431885452
R_TE1p,346,1,0.052768409,0.006745746,2,0,0.005802936,1,0.041489282,0.001992199,2,0,0.00440073,1,0.095060636,0.022360489,2,0,0.013964009,Frontoparietal,0.731896245,3,-1.538147474
R_TE2a,347,1,0.053573701,0.001950483,2,0,0.001506178,1,0.048145036,-0.000159639,2,0,-0.001986608,1,0.110049399,0.025041679,2,0,0.014388782,Default,1.018492496,6,-1.583632689
R_TF,348,1,0.067106236,0.003252245,2,0,0.00219284,1,0.045359444,0.000589213,2,0,-0.000675139,1,0.101627864,0.020406016,2,0,0.019132718,Ventral-Multimodal,1.102032722,6,-1.397467776
R_TE2p,349,1,0.037492599,0.000753779,2,0,0.001066688,1,0.033979013,0.000366046,2,0,-0.000250617,1,0.07840796,0.013780794,2,0,0.00907104,Dorsal-Attention,0.953468311,5,-1.37725284
R_PHT,350,1,0.018141365,0.003099047,2,0,0.003246883,1,0.018371295,0.000385441,2,0,0.001620115,3,0,0.025215476,2,0,0.01533891,Dorsal-Attention,0.990902134,5,-1.423530296
R_PH,351,1,0.049518203,0.001982215,2,0,0.002356359,1,0.043370187,0.000162315,2,0,0.001969828,1,0.087066591,0.023926994,2,0,0.019246026,Visual2,0.558749078,2,-1.400559914
R_TPOJ1,352,2,0,0.002324233,1,0.009635467,0.003068317,2,0,0.00240894,1,0.009185513,0.001508715,2,0,0.015453138,2,0,0.011743535,Language,0.936739768,5,-0.974578216
R_TPOJ2,353,2,0,0.000367426,2,0,0.00084737,2,0,0.000914238,1,0.003075448,9.64E-05,2,0,0.016111918,2,0,0.011574999,Posterior-Multimodal,0.6455624,3,-1.235024488
R_TPOJ3,354,2,0,0.001032959,1,0.005927452,0.000984552,2,0,0.000484437,1,0.003739491,0.001010436,2,0,0.009461496,2,0,0.008073419,Posterior-Multimodal,0.714585057,3,-1.294901401
R_DVT,355,1,0.082790028,0.004656176,2,0,0.004540536,1,0.05999281,0.003864363,2,0,0.004388895,1,0.135678945,0.022140642,2,0,0.017034508,Visual1,0.578786109,2,-0.364938089
R_PGp,356,1,0.019721574,0.001832572,1,0.013508914,0.001870912,1,0.044982882,0.003442054,1,0.013234611,0.002044506,1,0.105160915,0.026326444,2,0,0.013080474,Dorsal-Attention,0.518816669,2,-1.184066165
R_IP2,357,2,0,0.022728419,2,0,0.022331657,2,0,0.004553656,2,0,0.004454028,3,0,0.028560952,2,0,0.014984544,Frontoparietal,1.146918494,7,1.397843398
R_IP1,358,1,0.0216749,0.011316344,2,0,0.007982691,2,0,0.004846236,2,0,0.006889946,3,0,0.028947621,2,0,0.019321585,Frontoparietal,0.915952292,5,0.734031186
R_IP0,359,1,0.034478479,0.002044382,2,0,0.002144962,1,0.030185753,-0.000233415,1,0.007451475,-0.000255346,1,0.067632916,0.021937021,2,0,0.018201657,Dorsal-Attention,0.615496711,2,-0.768193294
R_PFop,360,2,0,0.008148982,2,0,0.010696003,2,0,0.003732471,2,0,0.003122503,2,0,0.013470033,2,0,0.00893071,Cingulo-Opercular,1.140438996,7,-0.788039969
R_PF,361,4,0,0.034530285,4,0,0.030897026,2,0,0.00942707,2,0,0.007888423,3,0,0.023184132,2,0,0.013917291,Cingulo-Opercular,1.153815137,7,-0.529578141
R_PFm,362,4,0,0.032682719,4,0,0.032536274,2,0,0.007592228,2,0,0.010029067,2,0,0.017210345,2,0,0.007596969,Frontoparietal,1.120257388,7,-0.391401612
R_PGi,363,2,0,0.002920444,2,0,0.003219859,2,0,0.003810368,2,0,0.004240092,3,0,0.024449619,2,0,0.014911495,Default,0.745133208,3,-0.901128302
R_PGs,364,0,0,0.007819013,2,0,0.006418853,2,0,0.002597152,2,0,0.004156964,3,0,0.024320553,2,0,0.014511307,Default,0.854132006,4,-0.501207587
R_V6A,365,1,0.058717365,0.00218222,2,0,0.001849551,1,0.036348938,0.000912242,2,0,0.00010285,1,0.079407552,0.016023931,2,0,0.012558944,Visual2,0.667600796,3,-0.795912856
R_VMV1,366,1,0.041512879,0.001291524,2,0,0.000604877,1,0.028759229,0.00054618,2,0,0.000413321,1,0.033112177,0.005420538,2,0,0.005105465,Visual2,0.369702576,1,-0.666887139
R_VMV3,367,1,0.020332978,0.000307788,2,0,0.000893314,1,0.017569669,8.45E-05,2,0,0.000219728,1,0.025162889,0.005359082,2,0,0.003396661,Visual2,0.364238849,1,-0.566412583
R_PHA2,368,2,0,0.000125575,2,0,0.000302696,1,0.000309631,4.42E-05,2,0,-2.10E-05,1,0.014613523,0.004123446,2,0,0.002767766,Default,0.447800826,1,-0.861140814
R_V4t,369,1,0.022514872,0.001673849,2,0,0.000922617,1,0.016951012,0.000923929,2,0,0.000429738,1,0.022889029,0.005700866,2,0,0.004432016,Visual2,0.563860791,2,-1.339198457
R_FST,370,1,0.009882291,0.000179676,2,0,4.35E-05,1,0.018154805,-0.000545756,1,0.007268738,0.000489931,2,0,0.009258401,2,0,0.007012632,Visual2,0.392047535,1,-1.089786354
R_V3CD,371,1,0.041762388,0.000485663,2,0,0.00131217,1,0.02585178,0.001023126,2,0,0.000690934,1,0.043757779,0.014951906,2,0,0.010469635,Visual2,0.643186481,3,-1.380920413
R_LO3,372,1,0.026120302,0.000578064,2,0,0.000674853,1,0.014653877,0.00045994,2,0,-0.000238675,1,0.021402382,0.009112938,2,0,0.004385833,Visual2,0.632037412,3,-1.371124967
R_VMV2,373,1,0.022161965,0.000269459,2,0,0.000425894,1,0.018521662,0.000389198,2,0,0.000167708,1,0.031062875,0.006647473,2,0,0.00650957,Visual2,0.220387758,1,-0.666117824
R_31pd,374,2,0,0.006774616,2,0,0.006119711,2,0,0.001113972,2,0,0.000224183,2,0,0.012272403,2,0,0.010866055,Default,1.156757417,7,0.216550578
R_31a,375,2,0,0.006357913,2,0,0.006073209,2,0,0.00082723,2,0,0.000370152,2,0,0.004587351,2,0,0.005977569,Default,1.095103102,6,0.425785637
R_VVC,376,1,0.035628625,0.000375076,2,0,0.00013987,1,0.028592913,0.000205158,2,0,0.000537264,1,0.056435791,0.0088591,0,0,0.004461002,Visual2,0.361204846,1,-1.011313681
R_25,377,2,0,0.004811011,2,0,0.004205348,2,0,0.003038837,2,0,0.002508053,2,0,0.003579193,2,0,0.002631894,Default,1.274957415,8,-0.150225359
R_s32,378,2,0,0.0119122,2,0,0.009183249,2,0,0.002331129,2,0,0.003463449,2,0,0.010113367,2,0,0.007470481,Default,1.276757324,8,-0.60457774
R_pOFC,379,2,0,0.002512424,2,0,0.002672133,2,0,0.002524784,2,0,0.00162072,2,0,0.007204094,2,0,0.005539991,Orbito-Affective,0.934326784,5,-0.445775053
R_PoI1,380,1,0.022043618,0.003793176,1,0.027031726,0.003787451,1,0.015102637,0.001985933,1,0.014806807,0.001540807,1,0.104999634,0.023482286,1,0.043698604,0.014418366,Cingulo-Opercular,0.780917523,4,-0.419206452
R_Ig,381,2,0,0.000306511,1,0.011931992,0.000968062,2,0,0.001311983,1,0.014071534,0.001520463,2,0,0.004818622,1,0.016512646,0.00304712,Somatomotor,0.668184696,3,0.173506807
R_FOP5,382,2,0,0.000688274,2,0,0.000413515,2,0,-8.80E-05,2,0,0.000374226,2,0,0.020499489,2,0,0.014475182,Cingulo-Opercular,0.590083169,2,0.892762597
R_p10p,383,4,0,0.039875043,4,0,0.035466456,2,0,0.007804514,2,0,0.008084272,3,0,0.035597073,2,0,0.024960217,Frontoparietal,1.497743052,10,-1.003070737
R_p47r,384,4,0,0.049734782,4,0,0.045846155,2,0,0.010515504,2,0,0.011629386,3,0,0.030070531,2,0,0.020419539,Frontoparietal,1.523443012,10,-0.476904155
R_TGv,385,2,0,0.000510627,2,0,0.00097625,2,0,6.90E-05,2,0,-0.00017564,1,0.047191413,0.007893967,2,0,0.0052471,Language,0.899464689,5,-1.656759697
R_MBelt,386,2,0,0.002943808,1,0.024801974,0.003308589,2,0,-0.000612993,1,0.015900501,-0.000538682,2,0,0.006088789,1,0.018515949,0.004652075,Auditory,0.901286632,5,-0.432131305
R_LBelt,387,2,0,0.003308579,1,0.019976113,0.003287321,2,0,0.000963272,1,0.017635665,0.000797278,2,0,0.006266066,1,0.022595978,0.004976557,Auditory,0.831195236,4,-0.582488221
R_A4,388,2,0,0.005642847,1,0.024738698,0.006026951,2,0,0.00147137,1,0.019118665,0.000974736,1,0.068921924,0.01921056,1,0.050667697,0.012659178,Auditory,0.948506835,5,-1.014347776
R_STSva,389,2,0,0.000977956,1,0.004466362,0.000608512,2,0,0.001497541,1,0.004721121,0.000515152,0,0,0.008934227,2,0,0.005833615,Default,0.699499067,3,-1.247131006
R_TE1m,390,1,0.02311284,0.001017462,2,0,0.001724288,1,0.019502712,0.000976987,2,0,0.001451783,1,0.063986622,0.01893066,2,0,0.014346973,Default,0.615026327,2,-1.512997924
R_PI,391,0,0,0.000340707,1,0.013125753,6.14E-05,2,0,-0.000177261,1,0.006858941,0.000240797,1,0.03770704,0.011623515,2,0,0.009864332,Cingulo-Opercular,0.853374552,4,-0.748862782
R_a32pr,392,4,0,0.043724317,4,0,0.035300256,2,0,0.006884486,2,0,0.008643961,3,0,0.022497226,2,0,0.016690539,Cingulo-Opercular,1.102891093,6,0.570345949
R_p24,393,4,0,0.033322152,4,0,0.028831469,2,0,0.009820486,2,0,0.009434878,2,0,0.019015112,2,0,0.015166397,Cingulo-Opercular,1.169626975,7,0.061019144
R_AV,394,2,0,0.001847942,2,0,0.001566235,0,0,0.000165293,0,0,0.000502247,2,0,0.006430183,2,0,0.004910808,subcortex,0.963910456,5,1.615682006
R_CeM,395,2,0,0.003909699,2,0,0.003691668,2,0,0.001221775,2,0,0.000678648,2,0,0.004725678,2,0,0.003320721,subcortex,1.193196692,8,0.964742702
R_CL,396,2,0,0.000121209,2,0,0.00019001,2,0,7.44E-06,2,0,0.000119287,2,0,0.002083623,2,0,0.001682826,subcortex,0.580448129,2,2.099561655
R_CM,397,4,0,0.069839879,4,0,0.065523481,2,0,0.009849754,2,0,0.007675804,3,0,0.033574682,2,0,0.017132411,subcortex,1.290868355,8,0.773200982
R_LD,398,2,0,-8.10E-05,2,0,0.000586266,2,0,-8.68E-05,2,0,-0.000242803,2,0,0.002633346,2,0,0.000967197,subcortex,1.172424906,7,2.252325129
R_LGN,399,1,0.057532318,0.010163959,2,0,0.008430149,1,0.045940183,0.001136142,2,0,0.002482476,1,0.094970015,0.024469304,2,0,0.01632919,subcortex,0.474406098,1,-0.171749496
R_LP,400,1,0.009856107,0.000983239,1,0.003135338,0.00094665,1,0.00592336,-8.23E-05,2,0,0.000677259,2,0,0.007146976,2,0,0.004508071,subcortex,1.055627894,6,2.44555197
R_L-Sg,401,2,0,0.003948673,2,0,0.003162724,2,0,0.00140296,2,0,0.001387491,2,0,0.004095256,2,0,0.00235721,subcortex,0.714502142,3,0.317910052
R_MDl,402,2,0,0.005501764,2,0,0.003690715,2,0,0.000602227,2,0,0.001146784,2,0,0.003963387,2,0,0.002627704,subcortex,0.885884063,4,1.732551791
R_MDm,403,2,0,0.009684537,2,0,0.0096134,2,0,0.002954797,2,0,0.003076663,2,0,0.027476102,2,0,0.015802242,subcortex,1.148657863,7,1.498191468
R_MGN,404,2,0,0.003129381,2,0,0.003925267,2,0,0.001990009,1,0.007017081,0.001789121,1,0.059710326,0.013239101,2,0,0.011372516,subcortex,0.248881736,1,0.056887358
R_MV-Re,405,2,0,0.000586347,2,0,0.000533893,2,0,5.37E-05,2,0,4.99E-05,2,0,0.001576975,2,0,6.65E-05,subcortex,1.464941428,10,0.738894803
R_Pf,406,2,0,0.021025993,2,0,0.017258741,2,0,0.003257825,2,0,0.005211488,2,0,0.012239322,2,0,0.007747658,subcortex,1.104129218,6,0.602319266
R_PuA,407,2,0,0.015024292,2,0,0.016372626,2,0,0.003193225,2,0,0.001581223,1,0.046350515,0.018019979,2,0,0.010915916,subcortex,1.070228383,6,1.423020278
R_PuI,408,1,0.046855047,0.005412803,2,0,0.004512613,1,0.040814835,0.002334111,2,0,0.001530955,1,0.06320368,0.013159952,2,0,0.006157577,subcortex,0.805063218,4,0.065662605
R_PuL,409,4,0,0.025191698,2,0,0.02240328,2,0,0.003783446,2,0,0.004911853,0,0,0.025594962,2,0,0.019147327,subcortex,1.060327124,6,0.881207848
R_PuM,410,1,0.092777528,0.017827618,2,0,0.014425769,1,0.073044006,0.001550666,2,0,0.005643802,1,0.041979608,0.00998367,2,0,0.004156757,subcortex,1.145563445,7,0.703815584
R_VA,411,4,0,0.027527497,4,0,0.0297859,2,0,0.010291107,2,0,0.007422488,3,0,0.028495155,2,0,0.015608035,subcortex,1.065816587,6,1.100026088
R_VLa,412,4,0,0.078420767,4,0,0.071452957,2,0,0.012709052,2,0,0.013628633,3,0,0.019430403,2,0,0.010531388,subcortex,1.149427852,7,1.380995934
R_VLp,413,4,0,0.081259778,4,0,0.071065437,2,0,0.010963025,2,0,0.015019854,3,0,0.021171447,2,0,0.01518939,subcortex,1.14681695,7,1.728252748
R_VPL,414,4,0,0.069682841,4,0,0.065160612,2,0,0.014887396,2,0,0.013975771,1,0.042156358,0.007573799,2,0,0.003762813,subcortex,1.082976519,6,0.921868144
R_Putam,415,4,0,0.026842049,4,0,0.02710542,2,0,0.010619832,2,0,0.009236807,1,0.010384538,0.001821412,1,0.003206452,0.0004587,subcortex,1.739616173,10,0.349522349
R_Caud,416,4,0,0.038444165,4,0,0.036040283,2,0,0.007848123,2,0,0.007572834,1,0.012418783,0.002293247,2,0,0.000323524,subcortex,1.464941428,10,0.871982336
R_NAc,417,2,0,0.00278558,2,0,0.00384251,2,0,-2.05E-05,2,0,0.000694323,2,0,0.007938291,2,0,0.001009266,subcortex,1.797369278,10,0.084703507
R_Gpe,418,4,0,0.077456604,4,0,0.070122835,2,0,0.01426761,2,0,0.014192674,3,0,0.021500334,2,0,0.012324314,subcortex,1.83547706,10,0.456771113
R_Gpi,419,4,0,0.02370555,2,0,0.016881868,2,0,0.00255235,2,0,0.002680422,3,0,0.024576978,2,0,0.013113205,subcortex,1.407099721,9,0.2969975
R_Amyg,420,2,0,0.001171776,2,0,0.001442711,2,0,0.000700473,2,0,0.000180796,1,0.050811045,0.011789839,2,0,0.009945076,subcortex,1.147736009,7,-0.59875585
R_SNpc,421,2,0,0.002700748,2,0,0.004959869,2,0,0.000255252,2,0,0.000625505,2,0,0.005221218,2,0,0.003308745,subcortex,1.503515771,10,-0.210523424
R_SNpr,422,2,0,0.015427114,2,0,0.011861344,2,0,0.003410064,2,0,0.002722785,3,0,0.029452398,2,0,0.019273495,subcortex,1.41470922,9,-0.151273416
R_VTA,423,2,0,0.001146052,2,0,0.001711387,1,0.002581488,-0.000261126,2,0,1.66E-05,2,0,0.005833395,2,0,0.002979432,subcortex,1.317999323,8,-0.322453949
R_MB,424,2,0,0.002512523,2,0,0.002888003,1,0.004099102,0.000578913,2,0,0.000684875,0,0,0.005404851,2,0,0.001024939,subcortex,1.049475987,6,-0.029306208
R_Septum,425,2,0,0.004010076,2,0,0.003197569,2,0,0.002108779,2,0,0.000608928,1,0.022264938,0.005836646,2,0,0.005789657,subcortex,1.582246105,10,0.713081647
R_Nb,426,2,0,0.01095885,2,0,0.006871614,2,0,0.00125369,2,0,0.001216469,2,0,0.013719201,2,0,0.009522215,subcortex,1.457481655,9,0.041625927
