Rank,Index,Region_names (HCP_MMP_1.0 + HCPex),"NETWORK( Ji, J. L. et al. 2019)",MNI_x,MNI_y,MNI_z,uni-directed_out-degree,uni-directed_in-degree,bi-directed,Trophic_level,Trophic_level (cortex_only),"gradient-1 (Margulies, D. S. et al. 2016)","gradient-2 (Margulies, D. S. et al. 2016)","gradient-3 (Margulies, D. S. et al. 2016)","gradient-4 (Margulies, D. S. et al. 2016)","gradient-5 (Margulies, D. S. et al. 2016)","Task_value (Glasser, M. F. et al. 2016)","WM_score (C. Rottschy, et al. 2012)"
1,181,L_V1,Visual1,-12.08655496,-81.95640898,-5.9359601,8,4,36,0.652515447,0.505732562,-3.629309545,3.629087344,-0.872378953,0.954613995,-0.584104231,3.312675601,-1.306344191
2,182,L_MST,Visual2,-42.94828582,-65.71851852,-1.62666667,38,14,17,0.510326149,0.322017246,-3.209455266,3.2289379,-1.027625066,-0.080200397,0.264025425,0,-1.007445503
3,183,L_V6,Visual2,-13.1470728,-78.9753915,27.7733035,16,0,32,0.56365616,0.445722228,-4.441737619,4.302515765,-1.126130607,0.690472588,-0.619164223,0.604957838,-0.793965231
4,184,L_V2,Visual2,-12.62535445,-77.49594883,-0.47405828,8,3,37,0.678852846,0.532704636,-4.089997901,4.340021433,-1.140597587,0.790852529,-0.659491202,0.745973149,-1.119528468
5,185,L_V3,Visual2,-17.60544732,-83.49050086,1.89612633,7,3,38,0.694283839,0.539190821,-3.983555939,4.365062021,-0.99895066,0.630335194,-0.591510522,0.312524399,-1.273151409
6,186,L_V4,Visual2,-27.6154645,-80.63089787,-9.68166434,12,2,34,0.575255422,0.450645015,-3.971405851,4.992239908,-0.969232785,0.18277236,-0.477440096,-0.50199112,-1.274658831
7,187,L_V8,Visual2,-29.95139893,-63.49662162,-19.24662162,15,0,27,0.585642777,0.447845233,-4.231588069,5.484343109,-1.228583113,0.293067484,-0.544548916,-0.039705992,0.134197839
8,188,L_4,Somatomotor,-29.23078218,-16.330124,48.1653917,2,50,16,1.481467477,1.287114597,-5.051745277,-2.593017048,-1.512447276,-0.405419591,-0.842173165,0.703256177,0.807147013
9,189,L_3b,Somatomotor,-41.82904055,-18.0679929,44.049106,3,44,13,1.644426465,1.486432252,-5.068529918,-2.676859029,-1.624462108,-0.394599618,-0.901365747,1.417498395,0.513337352
10,190,L_FEF,Cingulo-Opercular,-44.44383172,1.1558018,47.4289439,2,54,39,1.491024833,1.252285715,-2.868697013,0.17395526,0.621450892,-0.053078193,0.826434807,2.185589119,0.548871024
11,191,L_PEF,Dorsal-Attention,-48.98915728,3.5199241,29.43074,9,38,41,1.540615968,1.308432499,-1.788578289,0.236433789,0.743509713,-0.852264882,0.883318821,0,1.833345388
12,192,L_55b,Language,-50.72463873,3.4246285,38.8641189,3,45,37,1.586018713,1.360116181,2.083567403,-0.623320315,-1.574715319,-0.06802833,0.898924268,0.404958527,0.693704187
13,193,L_V3A,Visual2,-15.38797988,-86.81572677,19.90548054,4,3,32,0.630630777,0.488131883,-4.444017833,4.818742148,-1.133534371,0.558848865,-0.628789916,-0.017369152,-1.180793641
14,194,L_RSC,Frontoparietal,-6.340080504,-34.62521441,15.30017153,16,13,12,1.10134056,0.976726025,2.762640975,0.009355238,0.014235887,0.248388644,-0.085158502,4.3968078,0.585986667
15,195,L_POS2,Frontoparietal,-11.37734468,-71.54108068,33.0584752,20,2,32,0.769022682,0.616073651,1.70986382,0.712777498,0.69875846,0.078423956,-0.052488187,5.440462248,-0.402190632
16,196,L_V7,Visual2,-25.85439586,-86.06936416,22.6435453,10,8,31,0.620038423,0.471800972,-4.081165081,4.889412054,-0.790738088,-0.174732468,-0.376269826,0,-1.173209567
17,197,L_IPS1,Visual2,-28.42409757,-75.89774436,33.287218,24,10,22,0.582269674,0.435741815,-2.082275139,3.295310137,0.446110897,-1.4234339,0.037341832,0,-0.591856955
18,198,L_FFC,Visual2,-41.51880924,-50.82686811,-22.82074316,12,0,18,0.569494339,0.446268227,-2.699079327,3.785761919,-1.225512154,-0.404410275,0.384497198,-1.347043403,-1.033847177
19,199,L_V3B,Visual2,-29.16645897,-81.12401884,11.58398744,8,6,32,0.612240205,0.461306518,-4.198701256,5.32068478,-0.91899302,0.024447497,-0.451378405,-0.422007904,-1.163038613
20,200,L_LO1,Visual2,-36.57206114,-79.99697885,-2.83685801,3,4,20,0.65134915,0.499617221,-4.258368582,5.114488771,-1.165847323,0.071376399,-0.424740627,-2.511248871,-1.300119827
21,201,L_LO2,Visual2,-44.9087764,-82.21774856,-11.43549712,5,2,31,0.583643996,0.441300298,-4.098654421,5.307421925,-1.05431202,-0.045622026,-0.417806822,-3.246216997,-1.532544515
22,202,L_PIT,Visual2,-36.46653064,-77.69012708,-21.53958944,11,2,32,0.573998635,0.435044449,-3.962639092,5.194362779,-1.092267393,-0.108782861,-0.341984442,-1.69711694,-1.224992368
23,203,L_MT,Visual2,-48.89433615,-73.83587786,0.72773537,44,13,14,0.448072355,0.285256447,-3.027205233,3.48643471,-1.077127503,0.003891239,0.254332898,-1.58116809,-1.323074871
24,204,L_A1,Auditory,-42.67769518,-21.1856964,5.2446675,15,6,29,0.81923551,0.604191237,-3.844250036,-1.338868034,-0.795230374,0.662214874,-0.0183545,6.129386613,0.120790976
25,205,L_PSL,Language,-59.54469254,-36.04968944,19.16770186,34,22,12,0.801655442,0.598885735,-0.160897438,-0.839056735,-0.838161218,0.224566893,1.067257344,3.767272289,-0.584191813
26,206,L_SFL,Language,-7.493269894,16.9282511,56.7024052,9,79,46,1.429154758,1.221205878,4.592980024,-0.437649606,-1.565468052,0.073903262,0.821191253,1.565853265,0.787206659
27,207,L_PCV,Posterior-Multimodal,-5.241173014,-52.81161377,45.4024308,0,37,45,1.268691984,1.080837386,0.037517223,1.022616493,-0.481746997,0.171226833,0.544255604,2.585827718,0.266318252
28,208,L_STV,Language,-64.2737474,-39.76174682,9.54560531,33,21,7,1.022761323,0.867578812,-0.40940882,0.401314743,-1.585323275,0.155853577,1.23133327,1.051796304,-0.966401468
29,209,L_7Pm,Frontoparietal,-5.522524044,-68.47159091,46.5,9,5,23,0.947779705,0.797798144,3.147844461,0.471053053,0.638984066,-0.641548248,-0.167252842,2.309677833,-0.115659482
30,210,L_7m,Default,-4.814222744,-62.4272997,30.589911,6,20,2,1.350465277,1.242567575,5.895001524,-0.039629071,-1.918460695,0.011166993,0.270693624,0.370326968,-0.16212158
31,211,L_POS1,Default,-13.51298919,-56.40548992,9.33009034,35,1,32,0.489365184,0.420638961,3.851229889,0.601409777,-1.480512203,0.081892641,0.188433394,2.734916698,-0.360390957
32,212,L_23d,Default,-2.756862284,-20.8632677,32.5168019,23,8,31,0.997346537,1.010419288,2.328061943,-0.521933512,-0.286324078,0.323439933,0.268984906,4.096267738,0.976780159
33,213,L_v23ab,Default,-4.263490154,-52.75307629,14.86300246,10,16,7,1.132969383,1.068080517,5.888873769,-0.041897356,-2.04421982,0.024134644,0.278588293,0.81737359,-0.142776322
34,214,L_d23ab,Default,-3.552701224,-38.29121278,26.4771242,18,12,17,1.094669456,1.036372313,6.117700513,-0.103060293,-1.584561169,-0.033083172,-0.006824132,1.542249647,0.478394378
35,215,L_31pv,Default,-10.02757265,-43.97839136,27.4921969,15,12,18,1.107149995,1.045666553,6.362444687,-0.154458401,-2.067361296,0.051136922,0.317118846,0.146329562,0.352374413
36,216,L_5m,Somatomotor,-5.780406424,-39.50845254,57.9895969,20,15,48,1.182010202,1.027902597,-5.161537762,-2.705843191,-1.579159371,-0.345865954,-1.034698814,1.686161732,0.146088362
37,217,L_5mv,Cingulo-Opercular,-13.56956039,-37.47486034,46.8891993,7,33,62,1.327414407,1.140373095,-4.141611729,-1.359738871,-0.134204647,-0.073634723,-0.002547527,3.539544481,0.547680899
38,218,L_23c,Cingulo-Opercular,-10.35151733,-30.7487412,38.4360524,5,50,68,1.346225203,1.140724806,-3.047985288,-0.716785921,0.467820834,0.147131248,0.355466338,5.79667676,0.675058506
39,219,L_5L,Somatomotor,-13.60560817,-41.33971292,67.715311,45,4,32,1.142332352,0.983509153,-4.830056756,-2.233006399,-0.901169529,-0.407372723,-0.586123548,2.370795944,-0.14772913
40,220,L_24dd,Somatomotor,-7.702230904,-16.4516271,44.474934,15,28,77,1.347171792,1.164103646,-5.063225142,-2.585774112,-1.272410609,-0.590528297,-0.809009172,1.160764513,0.80945719
41,221,L_24dv,Somatomotor,-6.041800564,-4.882842,37.574452,29,18,63,1.313140611,1.147818644,-3.932228767,-1.737477334,0.326367187,0.069237184,0.323810105,4.617289206,1.24337814
42,222,L_7AL,Somatomotor,-17.98962643,-53.5797546,64.5895706,54,2,26,0.996783187,0.839113694,-4.024259964,-0.899901103,0.328552879,-0.937683455,0.23722666,3.190435232,0.071284618
43,223,L_SCEF,Cingulo-Opercular,-5.992542114,3.8569667,47.7459926,1,57,48,1.430858326,1.212816598,-1.019629156,-0.755352122,0.838516794,-0.165585706,0.51278244,4.323723231,1.14992232
44,224,L_6ma,Cingulo-Opercular,-15.70867423,5.9898714,62.2236073,0,91,32,1.521188157,1.2761503,-0.161510571,-0.153954851,1.886735628,-0.320573593,0.852016666,3.977451159,0.550369497
45,225,L_7Am,Cingulo-Opercular,-7.337670884,-57.60657812,57.3896268,34,14,30,1.056388583,0.880298679,-1.940827326,0.362145971,1.327580976,-0.779062092,0.684926423,3.431156183,0.09616691
46,226,L_7Pl,Dorsal-Attention,-16.36431011,-68.51501155,48.8995381,19,8,18,0.833930451,0.668913348,-1.9133065,1.653034208,1.427963951,-1.803767432,0.624884881,1.273386658,0.441922896
47,227,L_7PC,Somatomotor,-32.16585093,-48.73564464,57.5444204,14,8,32,0.994617318,0.74748284,-4.163374581,-1.709381166,-0.704410345,-1.501842482,-0.668728395,0.260878396,1.115985773
48,228,L_LIPv,Visual2,-29.98180434,-52.75688073,48.1387615,36,7,10,0.730435189,0.483106638,-3.593084784,2.946565929,0.146707642,-1.440032397,0.109337027,0,3.309784227
49,229,L_VIP,Visual2,-19.54649306,-59.48119326,53.5616083,31,5,21,0.907803368,0.697474745,-3.980074591,3.291950599,-0.111506619,-1.430192838,-0.015552906,0.141060765,1.083196182
50,230,L_MIP,Dorsal-Attention,-27.72612579,-66.33352501,45.9643473,29,13,0,0.727547563,0.580193685,-0.352907414,1.483942462,1.595541321,-2.080043798,0.216521792,0.082714318,0.818497094
51,231,L_1,Somatomotor,-48.53624825,-20.3211186,42.9877853,7,34,22,1.511488814,1.330750115,-5.234798084,-2.735412191,-1.70758258,-0.684020819,-1.01772863,0.412442124,0.251172309
52,232,L_2,Somatomotor,-38.0697083,-30.932863,46.5728266,10,23,31,1.387160645,1.182033182,-5.113423072,-2.344616068,-1.280200442,-1.02735778,-0.798573783,0.375432223,1.011086891
53,233,L_3a,Somatomotor,-38.16623765,-16.5915688,34.438839,3,47,10,1.724057777,1.576310554,-4.960174516,-2.503627126,-1.495195596,-0.204752898,-0.789466536,0.866312228,0.744882123
54,234,L_6d,Somatomotor,-35.9967126,-9.2583293,57.6344761,2,61,30,1.472857075,1.219789397,-5.197843698,-2.482270147,-1.277585674,-1.258405844,-0.831599022,0.022258271,0.636987192
55,235,L_6mp,Somatomotor,-14.45075338,-10.1068648,63.2077141,1,43,56,1.3786226,1.148039132,-4.899482152,-2.396735531,-0.908348513,-0.548507369,-0.5741442,2.129983388,0.357653078
56,236,L_6v,Somatomotor,-60.07840677,6.3975659,22.9604462,5,44,34,1.615380603,1.385429312,-4.430903644,-1.861812654,-0.349408007,-1.036194767,0.018407852,0.077817111,0.549848431
57,237,L_p24pr,Cingulo-Opercular,-2.713563174,-5.6436252,31.1152074,30,6,39,0.886494645,0.772666829,-3.404468453,-1.327883885,0.676385994,0.276370153,0.585317477,3.545882842,1.416073074
58,238,L_33pr,Cingulo-Opercular,-3.271187904,4.9006849,24.2876712,24,11,31,0.980145868,0.904941938,-0.9158679,-0.249802083,1.388602928,0.038415071,0.673955412,2.575898479,1.724498878
59,239,L_a24pr,Cingulo-Opercular,-3.635438704,18.1920705,24.1621145,28,6,40,0.848004007,0.776678417,-1.960107105,-0.745672834,1.699350224,0.594462859,1.035106786,5.712412947,1.243378342
60,240,L_p32pr,Cingulo-Opercular,-6.180041854,13.9678303,34.4606434,28,12,61,1.159794114,1.023788948,-1.215646058,-0.553611976,1.844933293,0.369355791,0.903496878,5.914981521,1.379485539
61,241,L_a24,Default,-4.447928164,45.8915962,-6.79065142,29,18,43,1.155068355,1.132315503,4.901241117,-0.102514626,-1.521678322,0.221905403,0.2767554,2.635951551,-0.445728058
62,242,L_d32,Default,-4.567418494,42.9252336,20.82309746,45,17,33,1.151633801,1.025527532,5.959254252,-0.206195529,-1.266088897,0.071162089,0.188648522,3.856792548,0.032826153
63,243,L_8BM,Frontoparietal,-4.259452324,29.2066459,39.3236414,1,56,29,1.530335315,1.31099595,5.505497301,-0.05324188,-0.2704663,-0.409870705,-0.210532707,3.319991958,0.732085148
64,244,L_p32,Default,-7.054812444,55.9480081,-4.75422012,23,21,49,1.169401685,1.135336341,4.984531773,-0.099653852,-1.402167735,0.278110766,0.227605473,3.101507706,-0.766288721
65,245,L_10r,Default,-9.038438184,56.5967555,-12.53418308,11,84,47,1.301179159,1.239215231,5.912751265,-0.097694461,-2.567777914,0.001949828,0.723253148,0.28446457,-0.94986503
66,246,L_47m,Default,-35.10948172,38.0267738,-20.15930388,7,28,38,0.942218694,1.064819634,4.547066759,0.185249001,-1.266213934,-0.547379162,0.46132115,0,-0.57984575
67,247,L_8Av,Default,-38.03645612,20.7129792,42.4052058,31,9,31,1.453889246,1.24718508,6.115780499,-0.122479092,-1.121140178,-0.181370097,-0.050531684,0.025206901,0.69613321
68,248,L_8Ad,Default,-24.52510499,31.656286,38.8808151,8,31,45,1.438718194,1.238975802,5.233332361,-0.01238417,-1.11451883,-0.037768614,0.086775878,0.023266299,0.427238013
69,249,L_9m,Default,-5.897558604,52.4056309,21.4657629,29,15,43,1.448554696,1.352842836,6.124888098,-0.223690654,-2.347053337,0.105711307,0.797618351,0.366701297,-0.394183823
70,250,L_8BL,Default,-11.76074373,34.1878788,50.4642424,8,77,46,1.45405518,1.221666748,6.58487911,-0.215593772,-2.12137531,-0.047264975,0.484221721,0.072857126,0.066612083
71,251,L_9p,Default,-14.77253991,46.8798883,40.5744879,6,85,49,1.446674454,1.294742773,5.850155906,-0.239461246,-1.800474491,0.074348526,0.584713077,0.143820547,-0.334525818
72,252,L_10d,Default,-7.714353464,67.959152,6.93123061,8,22,26,1.409706355,1.356068515,6.049995211,-0.102284619,-1.781742996,0.016762746,0.135216771,0,-1.066457935
73,253,L_8C,Frontoparietal,-44.13849797,15.1254539,31.537141,25,8,34,1.336553105,1.094612076,4.418778474,0.279795506,0.720311784,-0.919072267,-0.514610974,0.020980747,2.083386212
74,254,L_44,Language,-53.53606757,23.0186787,5.57800069,38,8,27,1.036611048,0.800644969,4.679888755,-0.220852512,-0.888780541,-0.145192752,0.750964949,1.417108953,0.403166636
75,255,L_45,Language,-51.6426534,35.6316038,0.25613208,25,23,24,0.949112572,0.842200431,5.164204854,-0.267771126,-1.913466189,-0.004351599,1.141972502,0.304789937,-0.057176231
76,256,L_47l,Default,-45.78461975,32.2438611,-16.85774767,6,9,23,1.09915777,1.143630888,5.616635151,-0.26489173,-2.167943708,0.010704376,1.095576244,0,-0.491533684
77,257,L_a47r,Frontoparietal,-43.10321754,51.3540172,-15.06563845,7,49,32,1.40604277,1.345777344,6.074611231,-0.035328435,-0.365316199,-0.521732589,-0.571879843,0,-0.94152923
78,258,L_6r,Cingulo-Opercular,-53.94594828,12.0407318,9.86365205,16,16,43,1.319892694,1.065165608,-1.824677067,-0.278299035,1.693646971,-1.08495361,0.912037014,2.52559011,0.650904373
79,259,L_IFJa,Language,-42.4433428,18.3858173,18.67427885,32,9,30,1.198279555,0.916528571,1.465712103,0.397533983,0.425883046,-0.945918344,0.759686556,0.553298472,2.187484733
80,260,L_IFJp,Frontoparietal,-42.38445411,10.7004608,22.264977,24,10,39,1.319875593,1.032372356,0.873779873,1.103994306,1.992054986,-2.100114077,0.129977494,0.184052787,2.631702922
81,261,L_IFSp,Language,-45.90991315,28.3402418,16.12348877,34,8,30,1.025229826,0.77238363,3.485160732,0.140893155,-1.0847933,-0.552094306,0.896861571,0.059972978,1.736182289
82,262,L_IFSa,Frontoparietal,-45.46125546,42.3779356,8.29983616,25,40,34,1.168530632,0.995811579,2.013104729,0.376056186,1.167603528,-1.194083004,0.607934195,2.720877857,0.50500401
83,263,L_p9-46v,Frontoparietal,-45.19862824,34.6805031,24.2654088,34,8,28,1.245340174,0.998230084,2.609026689,0.687644936,1.71363157,-1.679787241,-0.258911965,0.440307536,1.300161066
84,264,L_46,Cingulo-Opercular,-35.01284192,41.1411435,25.3858457,22,33,48,1.374319361,1.243322971,0.323475373,-0.056167473,2.444593375,-0.528929644,0.623135195,3.541270389,0.488175155
85,265,L_a9-46v,Frontoparietal,-37.8582464,56.0183534,6.76822234,9,90,52,1.499886377,1.381392595,3.700871286,0.094761688,1.870289519,-0.715432521,-0.741548069,1.069319093,0.435962738
86,266,L_9-46d,Cingulo-Opercular,-26.93578218,50.2074099,20.43665233,7,100,60,1.465105539,1.35046684,0.338664917,-0.290640505,2.002082653,0.188268805,0.574978895,3.188536002,0.053931165
87,267,L_9a,Default,-14.98931364,58.585327,27.0313663,7,51,22,1.465090528,1.375649663,5.067936404,-0.238548595,-1.071105827,0.178957222,0.510128296,0,-0.646762254
88,268,L_10v,Default,-4.264151544,57.8552232,-21.45253576,7,23,36,1.283001836,1.260441849,6.291651107,-0.170615298,-2.542062087,-0.052172869,0.75738933,0,-1.21502819
89,269,L_a10p,Frontoparietal,-26.76569323,62.6672222,-7.83111111,7,21,36,1.458300328,1.407250075,5.798275774,-0.139610775,0.080829012,-0.140786595,-0.712442151,0,-0.997190462
90,270,L_10pp,Default,-14.90399822,67.4655612,-18.34311224,9,21,36,1.32321157,1.300707281,6.13813209,-0.161884059,-1.135421858,-0.144726386,0.071100966,0,-1.405873262
91,271,L_11l,Frontoparietal,-29.2008126,52.4986226,-21.25516529,7,26,38,1.124372924,1.191160413,2.746717794,0.008435952,2.0293155,-0.497353953,-0.309839716,0,-1.049735454
92,272,L_13l,Frontoparietal,-22.5612469,30.2767402,-25.97113752,6,18,38,0.171050755,0.153332824,3.260261631,0.109741283,0.732736805,-0.657113675,0.012739106,0,-0.569848179
93,273,L_OFC,Default,-10.28651394,36.3565906,-29.63247219,15,3,33,1.108273508,1.126010417,5.163836615,-0.002123194,-0.339955851,-0.424771991,-0.347581041,0,-0.895401882
94,274,L_47s,Default,-30.94812171,24.2130739,-25.2744511,7,10,34,0.205385213,0.228705269,5.841402083,-0.234547061,-2.272903153,0.05432192,0.985158745,0.330545725,-0.445383758
95,275,L_LIPd,Dorsal-Attention,-31.44013767,-48.71532847,38.8321168,28,12,22,0.975794586,0.741197094,2.564357233,0.911270846,1.485486098,-1.465870337,-0.48408016,0.263368775,1.39679543
96,276,L_6a,Dorsal-Attention,-26.50386316,1.1533166,50.3013141,0,75,44,1.559937734,1.332170719,-1.395667021,0.085737149,1.165683004,-1.464628115,0.303963201,1.102598346,2.1359394
97,277,L_i6-8,Frontoparietal,-31.50256406,15.6015901,51.1121908,9,27,58,1.480176894,1.286006784,5.776491635,0.065857427,-0.270480648,-0.547608426,-0.682582291,0.36464446,0.612510486
98,278,L_s6-8,Frontoparietal,-22.89966148,24.1428571,51.9035714,10,65,49,1.474086816,1.24559593,5.64875602,0.01100137,-0.34297788,-0.333800049,-0.552988265,0.89131117,0.31438326
99,279,L_43,Cingulo-Opercular,-55.78091148,2.9178571,0.73214286,28,17,8,0.969204326,0.755109868,-3.919580846,-1.772739884,-0.000461293,0.337097971,0.425198979,3.998993082,-0.039820385
100,280,L_OP4,Somatomotor,-53.5884291,-9.6378143,7.67746615,35,8,8,0.789962535,0.604391452,-4.397413289,-2.111435521,-0.732709499,-0.15785362,0.038828111,0.373207305,0.017895017
101,281,L_OP1,Somatomotor,-45.31268669,-19.4132353,14.18088235,25,7,24,0.765446028,0.566404572,-5.045359495,-2.519517244,-1.291066965,-0.612044791,-0.705385759,0.767217718,0.260328427
102,282,L_OP2-3,Somatomotor,-38.60810304,-15.0766234,12.58051948,29,7,15,0.728169589,0.545680072,-4.379764779,-2.05101781,-1.012074155,0.330252893,-0.266317217,4.329609393,0.711406913
103,283,L_52,Auditory,-37.93670125,-19.6701031,-3.76804124,8,11,37,0.824617325,0.607265235,-3.605185255,-1.537268181,-0.237016309,0.550509978,0.301955213,4.917365924,0.08326416
104,284,L_RI,Auditory,-36.87104275,-29.0781457,12.85960265,25,10,21,0.744641389,0.546696537,-4.168491089,-1.861519783,-1.066153485,0.35694403,-0.114181517,3.430793699,0.261987075
105,285,L_PFcm,Cingulo-Opercular,-46.78641599,-26.7098166,13.60841424,31,16,17,0.756777873,0.563713247,-3.825040884,-1.601041164,0.420470957,0.003365985,0.532323785,3.619995106,-0.01508794
106,286,L_PoI2,Cingulo-Opercular,-39.79667128,0.0061412,-5.59314227,28,3,14,0.765167459,0.57024972,-3.220271136,-1.333180852,0.561789744,0.069567597,0.646742843,3.112491279,0.540997818
107,287,L_TA2,Auditory,-50.87948995,3.8945921,-12.52153987,5,17,37,0.899183748,0.665043476,-3.128866256,-1.406398953,-1.165770719,0.418359488,0.596167617,0.74628845,-0.315893535
108,288,L_FOP4,Cingulo-Opercular,-40.55828682,16.9487871,-0.75022462,43,11,0,0.946540407,0.752905087,-1.117181209,-0.644687628,1.847717774,0.196805885,1.051486041,4.38079768,1.416670391
109,289,L_MI,Cingulo-Opercular,-37.43798366,13.80937,-4.78675283,37,5,0,0.867459082,0.690669294,-1.34595299,-0.590803601,1.963572724,-0.066560988,0.939244242,4.065141307,1.348567463
110,290,L_Pir,Orbito-Affective,-30.1482408,5.9235727,-24.60957643,22,0,8,0.429813557,0.432442305,-1.648466203,-0.556040368,-0.336963787,0.33969016,0.504118206,0.955620109,-0.268841353
111,291,L_AVI,Frontoparietal,-32.72099503,25.0406504,-11.33185514,23,3,1,0.513887476,0.394795792,1.377160493,-0.264914218,1.204600964,0.111868601,0.584864102,3.735261032,0.919459324
112,292,L_AAIC,Orbito-Affective,-36.17354772,13.8365938,-17.65017261,23,4,1,0.370090073,0.258517232,1.413761609,-0.476014561,0.714842382,0.479442447,0.455019813,2.360675914,0.120107627
113,293,L_FOP1,Cingulo-Opercular,-47.58496526,5.8,-0.76321839,37,8,4,0.830515452,0.634356909,-3.421289088,-1.443184081,0.930354524,0.190433153,0.878839938,4.991306553,0.44823966
114,294,L_FOP3,Cingulo-Opercular,-35.14554526,7.811138,6.16949153,37,6,0,0.88767016,0.68288657,-3.191168527,-1.226926778,1.056507099,-0.095545545,0.843832208,4.93335165,1.719148525
115,295,L_FOP2,Somatomotor,-40.91054266,-0.5404984,9.29595016,35,7,3,0.814012585,0.627958096,-4.548685895,-2.122614263,-0.597669872,-0.731614911,-0.060438448,0.807221851,1.126702111
116,296,L_PFt,Dorsal-Attention,-56.59872282,-24.7392832,38.4771609,16,26,37,1.208354606,0.966347307,-2.821802547,-0.268079837,1.151932983,-1.874937515,0.578713641,0.068376473,-0.117055268
117,297,L_AIP,Dorsal-Attention,-44.866145,-37.4456044,51.6571429,23,19,30,1.274283045,1.039038519,-1.238064664,0.465886673,1.433090371,-2.179683467,0.144770639,0.019088191,1.30295718
118,298,L_EC,Default,-21.42264496,-13.7269193,-32.36637512,25,3,8,0.69109009,0.36508141,1.872904884,0.178782926,-0.988978529,-0.212301602,0.363662068,0,-0.738422984
119,299,L_PreS,Default,-18.34928931,-28.3827655,-18.41282565,33,6,8,0.673367379,0.408366133,1.028198253,1.152349309,-1.280923993,0.309730157,0.179185802,2.456775344,-0.338853801
120,300,L_H,Default,-25.12867934,-18.3796875,-23.9703125,10,0,5,0.519505741,0.34525837,1.152461479,-0.390201945,-1.578998347,0.078657888,0.306757053,0.577451782,-0.454936505
121,301,L_ProS,Visual1,-18.96870323,-44.10850801,-6.20345253,59,11,15,0.417500629,0.275670952,-3.119388217,3.361155529,-1.154720185,0.869347531,-0.45088779,2.200696607,-0.345565102
122,302,L_PeEc,Ventral-Multimodal,-27.37373041,-3.8051881,-41.94682231,9,0,4,0.383509717,0.248856635,-0.031651829,0.775830472,-0.933928464,-0.738679128,0.96778778,0,-1.129155788
123,303,L_STGa,Language,-50.81947101,16.8413333,-22.57266667,18,7,21,0.759405063,0.56188152,1.342609517,-0.457435157,-2.392583215,-0.030628981,1.439767083,0,-0.738097521
124,304,L_PBelt,Auditory,-54.31681092,-20.6714944,3.46741277,14,8,30,0.794787666,0.58171846,-3.519220755,-1.592426435,-1.236721087,0.467854826,0.318788201,1.489811983,-0.386564081
125,305,L_A5,Language,-62.47404407,-10.5071633,-9.09551098,4,15,31,0.977734391,0.753352179,-1.927162116,-1.093766967,-2.00621431,0.05969962,0.968719545,0,-0.839580336
126,306,L_PHA1,Default,-22.32459982,-31.5484728,-22.26560425,7,4,6,0.659180106,0.349524892,1.457412701,1.637272971,-1.379180585,-0.042425854,0.28367358,1.347023932,-0.603461557
127,307,L_PHA3,Dorsal-Attention,-31.65717903,-31.2139883,-26.28726062,19,0,10,0.404127742,0.247304977,-0.653219116,2.491002042,-0.351532161,-0.688770182,0.370717248,0,-0.856162624
128,308,L_STSda,Language,-53.33895693,1.6599455,-20.99945504,4,13,30,0.962426995,0.749248856,1.773402311,-0.280667037,-2.383052157,-0.002164911,1.46553594,0,-0.781146942
129,309,L_STSdp,Language,-53.68084934,-27.6117216,-5.83621141,8,11,23,0.882323097,0.720641572,1.374954436,-0.445008981,-2.329941502,0.003246338,1.505651901,0,-0.718148831
130,310,L_STSvp,Default,-52.82264539,-29.5737616,-9.79640719,14,18,12,0.844730111,0.663463268,5.783898674,-0.201785957,-2.051350217,-0.068746984,0.775268993,0,-0.819654446
131,311,L_TGd,Default,-39.0565973,13.7079451,-41.00582298,13,2,7,0.849314511,0.742935063,4.718785234,-0.126036152,-2.676840799,-0.081990317,1.256398886,-0.493365129,-1.23523066
132,312,L_TE1a,Default,-62.39845467,-4.754214,-27.94433555,25,6,2,0.660796586,0.475245756,6.43759083,-0.203827758,-2.532625281,-0.016090983,0.747693431,-2.743506852,-1.298066459
133,313,L_TE1p,Frontoparietal,-61.98566577,-41.58517211,-15.50044131,14,11,20,0.786626128,0.608312774,4.841904017,0.271091634,0.51571107,-0.99839287,-0.644450509,0,-1.332979754
134,314,L_TE2a,Default,-58.49986665,-18.2834733,-33.04463102,8,32,4,0.889617953,0.757309777,5.514112067,-0.043088292,-0.576752136,-0.427800373,-0.049439061,-0.373474524,-1.421406224
135,315,L_TF,Ventral-Multimodal,-42.7497141,-14.6099448,-40.24530387,5,38,7,0.984952137,0.858625331,1.878598162,0.536166698,-1.56319379,-0.37988404,1.41763569,0,-1.31684946
136,316,L_TE2p,Dorsal-Attention,-51.34600308,-39.54399057,-30.3778476,7,20,12,0.79293712,0.673510139,0.159268564,0.951346585,1.393053034,-1.508368158,0.659977268,0,-1.387259958
137,317,L_PHT,Dorsal-Attention,-59.02136842,-54.88908319,-6.85560829,21,19,10,0.814286254,0.660848889,-0.251702476,0.541674406,1.549442201,-1.174494775,0.989056434,0,-1.286762874
138,318,L_PH,Visual2,-49.02585899,-60.81861152,-19.34741507,14,5,41,0.570171027,0.424621425,-2.254907154,2.986283793,0.458178701,-1.628972901,0.173678672,-1.390256031,-1.202324734
139,319,L_TPOJ1,Language,-56.46120918,-45.56825824,4.32548756,28,18,7,1.021024807,0.857385763,-0.872186752,-0.047873605,-1.80394634,0.084026716,1.229238757,0,-0.906512203
140,320,L_TPOJ2,Posterior-Multimodal,-51.67173552,-61.55774985,4.51645721,34,6,4,0.84182175,0.659852551,0.24536339,0.732418679,-1.136599296,-0.137064332,1.261489776,0,-1.076610972
141,321,L_TPOJ3,Posterior-Multimodal,-51.07759604,-68.86933128,12.33205227,22,7,15,0.49620715,0.288857321,1.983746174,0.963813482,-0.634071605,-0.37827455,0.60257258,0,-1.13710572
142,322,L_DVT,Visual1,-21.51297818,-69.79935012,26.2112104,23,0,32,0.56981545,0.457284994,-3.132423541,3.676905234,-0.539373814,0.322233811,-0.246991103,2.927729533,-0.464489577
143,323,L_PGp,Dorsal-Attention,-41.60159365,-79.62845492,18.35251473,37,12,20,0.569087104,0.391582029,-0.751601312,1.940476879,0.796294081,-0.924060981,0.45338098,0,-1.188217538
144,324,L_IP2,Frontoparietal,-44.41133396,-42.84390244,38.9261324,24,19,30,1.30165128,1.038049058,3.264609857,0.459080495,2.089534402,-1.393949771,-0.704709567,1.382086933,1.495221471
145,325,L_IP1,Frontoparietal,-33.48388563,-60.9539667,36.2977473,37,7,8,0.586144783,0.39573982,4.050919163,0.527537589,0.845501297,-1.20999922,-0.607944666,0,0.387858679
146,326,L_IP0,Dorsal-Attention,-31.47333154,-74.72050209,21.2384937,21,10,29,0.528064438,0.361392194,-2.384148081,3.753951867,0.230034188,-1.062703948,0.065037141,0,-0.835498043
147,327,L_PFop,Cingulo-Opercular,-61.73781654,-21.5987078,17.50035894,24,14,20,1.049763869,0.833689736,-2.910019862,-0.929208428,1.436956719,-0.444296434,1.08643325,2.267842708,-0.464992593
148,328,L_PF,Cingulo-Opercular,-58.96514544,-31.545511,31.1233302,26,20,25,1.080078703,0.879971368,-1.102765705,-0.257930936,2.157626086,-0.387494457,1.145554392,4.650827585,-0.3133369
149,329,L_PFm,Frontoparietal,-54.27426155,-48.58218189,36.0216539,23,14,18,1.102085266,0.895644817,5.500169803,-0.020705094,0.314725819,-0.461402354,-0.712910893,0.342393066,-0.100970862
150,330,L_PGi,Default,-51.69086654,-54.95801749,19.36520894,37,10,0,0.826039907,0.604296407,6.218214024,-0.131762946,-2.27383546,-0.038767809,0.575137791,0.012923113,-0.669344615
151,331,L_PGs,Default,-44.33677781,-68.53846154,34.4013263,38,8,6,0.776821603,0.595953897,5.087609069,0.188867634,-0.847337353,-0.334523476,-0.113168463,0,-0.533295683
152,332,L_V6A,Visual2,-20.13587411,-86.90406977,32.3968023,11,6,30,0.593004376,0.46171664,-4.505754975,4.850605478,-1.093329924,0.166134945,-0.566069583,0,-1.062081395
153,333,L_VMV1,Visual2,-21.79968824,-45.44444444,-13.74906367,15,0,25,0.336760279,0.175833174,-3.97202945,4.674173856,-1.139061872,0.64144653,-0.532945313,0.151913628,-0.579502452
154,334,L_VMV3,Visual2,-24.3857787,-48.86153846,-17.22461538,15,0,26,0.422172397,0.292576479,-4.121105839,5.432469205,-1.063869913,0.091181856,-0.469449692,0,-0.709950421
155,335,L_PHA2,Default,-30.39503963,-29.8558824,-23.26470588,7,2,10,0.547625005,0.31576351,1.682988083,0.931339954,-0.796082043,-0.34526887,0.368339228,0.084062377,-0.713041822
156,336,L_V4t,Visual2,-49.6470018,-74.11283498,-11.05218618,13,1,38,0.630902799,0.480327758,-4.166613605,4.802205492,-1.337889954,0.01012978,-0.319218513,-2.617953163,-1.406406209
157,337,L_FST,Visual2,-44.24312554,-63.19514472,-7.59010271,42,11,16,0.424965588,0.247878925,-3.618446794,3.11768737,-0.646741517,-0.276137568,0.256956853,-0.55804727,-0.984056312
158,338,L_V3CD,Visual2,-37.29043498,-85.8069255,5.94228751,4,0,34,0.645132074,0.508152317,-4.024089033,5.179125653,-0.783340173,-0.334094908,-0.30528401,-2.395943479,-1.429831994
159,339,L_LO3,Visual2,-41.58283174,-75.13356164,3.47945205,12,5,31,0.604056184,0.465491584,-3.872376687,4.654828172,-0.796584147,0.048061941,-0.180216834,-0.620468708,-1.203081575
160,340,L_VMV2,Visual2,-31.8174785,-45.35674157,-13.17134831,16,0,20,0.347353311,0.228720119,-3.951374703,4.989396326,-1.051347226,0.440576235,-0.471374662,0,-0.650030289
161,341,L_31pd,Default,-10.21665282,-50.31060606,31.2282197,13,13,12,1.116119117,1.040324679,6.298537177,-0.146665283,-2.308512565,0.053818831,0.519699575,0.401039399,0.24296157
162,342,L_31a,Default,-3.854377164,-38.12533098,37.5225066,15,10,15,1.078940224,1.032877223,2.826580262,-0.123919576,0.140432116,-0.081971477,-0.189793108,3.625624504,0.48071877
163,343,L_VVC,Visual2,-32.67611127,-42.67783701,-26.26656512,12,0,24,0.432954106,0.32501139,-3.30430393,4.804569656,-0.945352815,-0.33519178,-0.124154296,0,-0.985915156
164,344,L_25,Default,-4.436622174,26.7948226,-19.80728667,7,22,39,1.332030735,1.264509424,4.607509908,-0.024230748,-1.938680026,-0.03699851,0.548309471,0,-0.270085086
165,345,L_s32,Default,-7.803314204,40.3899848,-17.91957511,10,31,48,1.398967252,1.293801187,5.667681462,0.003803823,-2.247162348,-0.117915748,0.477599734,0.095230671,-0.571428883
166,346,L_pOFC,Orbito-Affective,-16.10406711,13.185219,-25.0629562,23,2,24,0.807012439,0.926993299,2.045094849,-0.04323985,-0.113132945,-0.00786149,0.437133322,0,-0.208589658
167,347,L_PoI1,Cingulo-Opercular,-38.17190238,-10.6886275,-7.68235294,16,6,33,0.785383348,0.604831154,-3.095697015,-1.217602512,0.701206406,0.333778413,0.751955327,4.842657493,0.197815066
168,348,L_Ig,Somatomotor,-36.74212544,-10.0619266,7.68807339,32,5,13,0.801245792,0.610889988,-4.432847815,-2.105696158,-1.000721917,0.116400275,-0.272372146,1.297752531,0.94456187
169,349,L_FOP5,Cingulo-Opercular,-36.6003555,29.6216681,-2.52622528,39,5,2,0.511264937,0.359381106,-0.280456297,-0.500526802,1.207759684,0.315170341,1.270996497,4.092227757,1.303624708
170,350,L_p10p,Frontoparietal,-21.33273027,65.8444444,5.19444444,7,78,25,1.478353628,1.422671538,5.237111183,-0.033629271,0.464248138,-0.226030455,-0.839550403,0,-0.909994951
171,351,L_p47r,Frontoparietal,-42.17448495,48.6570342,-0.17262357,6,89,43,1.469702411,1.384181286,4.713825399,0.186843966,1.006682672,-1.006982624,-0.697620408,0.07508646,0.038723005
172,352,L_TGv,Language,-42.84300506,3.1462366,-47.97777778,5,16,7,1.133046312,1.063156487,3.012330916,0.135410547,-1.893652453,-0.287959916,1.376931432,0,-1.501442829
173,353,L_MBelt,Auditory,-46.62085586,-13.2084309,-4.13114754,10,8,32,0.86884329,0.648901151,-3.658586014,-1.550472925,-0.82225389,0.591786395,0.215910862,4.121403678,-0.106115583
174,354,L_LBelt,Auditory,-44.28564565,-26.0302267,3.80100756,22,7,27,0.742586212,0.548690553,-3.73167995,-1.511370153,-1.014193911,0.615081837,0.116160241,5.036567677,-0.123826815
175,355,L_A4,Auditory,-64.18237894,-17.0440203,-0.02220491,10,9,32,0.839702982,0.625643509,-3.199391403,-1.452706165,-1.412531835,0.355342273,0.527948923,0.009201619,-0.780780476
176,356,L_STSva,Default,-56.03544029,-4.7235772,-22.81707317,20,7,18,0.850854331,0.6570662,5.547035622,-0.142467209,-2.683602377,-0.029673517,1.09162782,-0.166468785,-0.973933254
177,357,L_TE1m,Default,-65.52043255,-25.0161387,-16.81530185,16,10,15,0.665262233,0.482725855,6.432322978,-0.103918553,-0.933880892,-0.279410425,-0.45943038,0,-1.269716893
178,358,L_PI,Cingulo-Opercular,-44.05151022,-1.6317647,-19.80235294,10,6,32,0.704334009,0.523383852,-2.542171398,-1.043175943,-0.268035955,0.478002032,0.854702046,1.856730399,-0.44797694
179,359,L_a32pr,Cingulo-Opercular,-9.607150364,30.2775087,23.1785467,28,5,43,1.055335447,0.929191932,1.353167753,-0.339183088,1.46371051,0.585921227,0.205795838,6.252958485,0.722302617
180,360,L_p24,Cingulo-Opercular,-5.922354384,39.6129032,10.1827957,32,17,36,0.926274705,0.911727281,1.968325212,-0.309167287,0.295926982,0.59803519,0.233948619,5.652022091,0.169484023
181,361,L_AV,subcortex,-4.129531614,-3.7840909,2.96590909,8,0,8,0.888005116,0,0,0,0,0,0,0,2.221525738
182,362,L_CeM,subcortex,-4.473140974,-7.2178218,-5.95049505,14,15,19,1.184042216,0,0,0,0,0,0,0,1.288529578
183,363,L_CL,subcortex,-5.273471014,-12.1666667,7.66666667,7,2,0,0.401241757,0,0,0,0,0,0,0,2.460868144
184,364,L_CM,subcortex,-9.822540384,-18.7081218,-6.45431472,15,8,33,1.260705598,0,0,0,0,0,0,0,0.790020477
185,365,L_LD,subcortex,-5.324195644,-12.2826087,9.67391304,6,1,4,0.968535521,0,0,0,0,0,0,0,2.614855574
186,366,L_LGN,subcortex,-22.13786024,-25.4285714,-10.98136646,48,5,22,0.351319579,0,0,0,0,0,0,0,0.03806101
187,367,L_LP,subcortex,-8.957633074,-16.2983425,9.55248619,7,8,6,0.75426246,0,0,0,0,0,0,0,2.618783756
188,368,L_L-Sg,subcortex,-8.940137674,-25.9333333,-8.16666667,19,2,4,0,0,0,0,0,0,0,0,0.319706773
189,369,L_MDl,subcortex,-6.227609714,-12.9127517,0.27181208,30,3,14,1.233545573,0,0,0,0,0,0,0,1.727382301
190,370,L_MDm,subcortex,-3.645422234,-14.8821138,-1.24390244,15,2,14,1.128100875,0,0,0,0,0,0,0,1.426879477
191,371,L_MGN,subcortex,-14.53233625,-24.5319149,-11.5248227,46,1,6,0.075590857,0,0,0,0,0,0,0,0.154028232
192,372,L_MV-Re,subcortex,-3.963947204,-7.2857143,-9.28571429,0,0,1,1.237767997,0,0,0,0,0,0,0,0.942839348
193,373,L_Pf,subcortex,-6.054172764,-19.8070175,-8.56140351,22,7,26,1.180039443,0,0,0,0,0,0,0,0.586737917
194,374,L_PuA,subcortex,-11.60851082,-21.6860068,0.68259386,13,1,21,1.157103516,0,0,0,0,0,0,0,1.089154809
195,375,L_PuI,subcortex,-17.84913563,-28.8251534,-6.28527607,22,11,20,0.641741275,0,0,0,0,0,0,0,0.189659633
196,376,L_PuL,subcortex,-17.62460369,-23.8058252,5.44983819,13,1,22,1.068476873,0,0,0,0,0,0,0,1.037779507
197,377,L_PuM,subcortex,-12.4641617,-27.2702703,0.96396396,7,11,20,1.046577835,0,0,0,0,0,0,0,0.676311402
198,378,L_VA,subcortex,-8.606110864,-2.6088766,-1.63938974,29,3,32,1.131326342,0,0,0,0,0,0,0,2.321309836
199,379,L_VLa,subcortex,-11.48224294,-7.7146199,0.8748538,21,5,40,1.109943634,0,0,0,0,0,0,0,2.511785249
200,380,L_VLp,subcortex,-12.56894164,-12.2561925,1.95329087,20,3,36,1.179494474,0,0,0,0,0,0,0,2.150687386
201,381,L_VPL,subcortex,-17.39399946,-19.4560976,0.00304878,16,1,35,1.098930286,0,0,0,0,0,0,0,1.112410577
202,382,L_Putam,subcortex,-26.08672077,3.3908883,-6.04811969,2,56,24,1.760388154,0,0,0,0,0,0,0,1.54926326
203,383,L_Caud,subcortex,-14.15139637,9.6600253,2.46995572,17,32,39,1.500604698,0,0,0,0,0,0,0,2.952204743
204,384,L_NAc,subcortex,-9.935941034,10.1510791,-16.3057554,8,33,4,1.571308236,0,0,0,0,0,0,0,0.422017743
205,385,L_Gpe,subcortex,-19.49842996,1.5336617,-6.46387521,1,54,20,1.804297533,0,0,0,0,0,0,0,1.935144268
206,386,L_Gpi,subcortex,-17.73308171,-2.8846715,-10.50072993,1,5,28,1.452168753,0,0,0,0,0,0,0,1.157928103
207,387,L_Amyg,subcortex,-24.22170333,-2.4090909,-25.86994949,10,5,12,1.073602835,0,0,0,0,0,0,0,-0.306417794
208,388,L_SNpc,subcortex,-8.534611834,-17.4545455,-20.14438503,0,3,19,1.558652922,0,0,0,0,0,0,0,-0.094269009
209,389,L_SNpr,subcortex,-10.33168472,-14.4282297,-19.49521531,0,4,23,1.446238916,0,0,0,0,0,0,0,0.014942154
210,390,L_VTA,subcortex,-4.017915454,-18.9555556,-22.77777778,3,7,16,1.123896155,0,0,0,0,0,0,0,-0.281318805
211,391,L_MB,subcortex,-2.365425034,-5.8793103,-20.62068966,5,7,12,0.863943045,0,0,0,0,0,0,0,0.033051168
212,392,L_Septum,subcortex,-2.466111704,8.2510823,-10.36796537,12,33,8,1.483027091,0,0,0,0,0,0,0,0.744651384
213,393,L_Nb,subcortex,-14.1823599,1.8207407,-16.87703704,11,33,19,1.237767997,0,0,0,0,0,0,0,0.491721902
214,1,R_V1,Visual1,11.87183666,-79.73981782,-4.8153073,8,4,36,0.603466256,0.466946613,-3.706722665,3.636886597,-0.88459601,0.964232184,-0.576198661,3.568013437,-1.237429499
215,2,R_MST,Visual2,43.08218186,-63.72090113,-1.99499374,38,14,17,0.520761616,0.305452478,-3.739752193,3.592153281,-1.352423848,-0.07176448,0.072070554,0,-1.029190512
216,3,R_V6,Visual2,16.72848976,-76.88392157,25.6635294,16,0,32,0.561182274,0.446573409,-4.471116339,4.193480006,-1.164973786,0.767819481,-0.644293633,0.898121065,-0.784549475
217,4,R_V2,Visual2,12.32373356,-77.12885547,-2.25299516,8,3,37,0.600031546,0.466461291,-3.794030076,4.1255818,-1.037773659,0.80920895,-0.66776686,0.762020561,-1.134731577
218,5,R_V3,Visual2,19.60413186,-85.42221462,1.83912374,7,3,38,0.611257799,0.468628556,-3.812258583,4.273159335,-0.927444822,0.660451794,-0.603913175,0.428385692,-1.354547262
219,6,R_V4,Visual2,31.19671936,-79.34556501,-11.44034022,12,2,34,0.512033218,0.40058606,-3.988371917,4.82985853,-1.003864401,0.331356292,-0.522269608,0.163612654,-1.265512474
220,7,R_V8,Visual2,32.09129766,-67.33096085,-19.83629893,15,0,27,0.383890955,0.314289117,-4.294923925,5.43716075,-1.261629238,0.397334223,-0.592180789,0,0.605002825
221,8,R_4,Somatomotor,34.66365626,-14.0793047,45.9560969,2,50,16,1.494183243,1.32540567,-5.029164482,-2.532949671,-1.497297537,-0.377222514,-0.820034385,0.820411931,0.347319904
222,9,R_3b,Somatomotor,41.41928946,-18.1418028,43.4728519,3,44,13,1.569195969,1.394975702,-5.006146683,-2.611174744,-1.59117443,-0.285263279,-0.850234441,1.195173644,0.113758032
223,10,R_FEF,Cingulo-Opercular,41.13761006,-2.1306703,46.7393365,2,54,39,1.570672314,1.332026541,-2.577578819,1.151012715,0.987439292,-0.391128689,0.652030321,2.252456335,0.372890995
224,11,R_PEF,Dorsal-Attention,44.15679016,4.9557604,30.1483871,9,38,41,1.417528844,1.128486511,-1.792292688,0.784828466,1.208606513,-0.755956911,0.986044654,0,0.774428115
225,12,R_55b,Language,51.02216396,2.0667989,41.5601852,3,45,37,1.503867613,1.227274438,-0.951090343,-0.861508806,-0.432498399,0.177501701,0.684639197,0.071279978,0.023040248
226,13,R_V3A,Visual2,16.60539326,-86.3578629,20.796875,4,3,32,0.642274277,0.492029935,-4.445324465,4.82551134,-1.161793247,0.574464015,-0.638831917,0.008554975,-1.185920671
227,14,R_RSC,Frontoparietal,5.538480756,-35.22971491,15.12883772,16,13,12,1.053942701,0.939128242,3.030860351,0.097974619,0.117175636,0.23277636,-0.180195192,4.328041287,0.487809379
228,15,R_POS2,Frontoparietal,10.97743276,-70.6554855,33.5619168,20,2,32,0.691761683,0.548293758,3.409973749,0.199962856,0.428396365,0.116720063,-0.215959766,5.165537809,-0.379690044
229,16,R_V7,Visual2,29.87316486,-83.92912173,26.6640986,10,8,31,0.648047746,0.498654948,-4.396428836,4.990511162,-1.022667468,0.021480615,-0.497998597,0,-1.132607541
230,17,R_IPS1,Visual2,28.42283996,-72.85046113,32.8023715,24,10,22,0.61712482,0.462306512,-3.611096756,4.194313309,-0.213397602,-0.992237487,-0.046642064,0,-0.509751196
231,18,R_FFC,Visual2,40.59459996,-48.64708056,-25.44308943,12,0,18,0.411170732,0.303906266,-3.074118008,4.146391018,-1.361987389,-0.215748751,0.213188362,0,-1.168760418
232,19,R_V3B,Visual2,30.66297986,-82.6498801,16.91247002,8,6,32,0.611399395,0.453102818,-4.232223236,5.25217458,-0.929212616,0.07439614,-0.459846673,0,-1.212096132
233,20,R_LO1,Visual2,36.33287396,-79.9463807,-1.97319035,3,4,20,0.589636548,0.459414952,-4.187660313,5.289421089,-1.01680605,-0.097228879,-0.41755671,0,-1.336892604
234,21,R_LO2,Visual2,46.29030756,-79.8700361,-10.97472924,5,2,31,0.634862143,0.495271108,-4.117471901,5.082733317,-1.17245792,-0.052351645,-0.363575251,0,-1.560643528
235,22,R_PIT,Visual2,45.46071386,-75.24087591,-20.27554745,11,2,32,0.51221443,0.402175455,-3.843717821,4.709369511,-1.028783116,-0.008813972,-0.324018991,0,-1.495252672
236,23,R_MT,Visual2,48.12155386,-72.59552239,-4.65223881,44,13,14,0.375545449,0.15252941,-3.880875018,4.157369263,-1.327734718,0.134892093,-0.141494629,0,-1.376337841
237,24,R_A1,Auditory,43.68046836,-22.6127273,3.72727273,15,6,29,0.883846171,0.657972251,-3.902102103,-1.399091592,-0.788696025,0.650301679,-0.069391695,5.804287229,-0.39610299
238,25,R_PSL,Language,62.66909926,-32.7614458,18.59638554,34,22,12,0.921294659,0.757111143,-1.335735732,-0.510246007,1.311515315,0.157968555,1.028726041,0.431316596,-0.908750915
239,26,R_SFL,Language,4.926344856,14.4900552,57.4955801,9,79,46,1.479675389,1.295099836,4.545842392,-0.327128854,-1.290142669,0.176425204,0.94120607,0.355602032,0.983589456
240,27,R_PCV,Posterior-Multimodal,4.537236256,-51.62960983,41.0122929,0,37,45,1.394033937,1.175182888,-0.408694421,1.258643131,-0.086739655,0.054566081,0.459575123,3.54277187,0.238487728
241,28,R_STV,Language,61.90371616,-42.45902547,10.40863787,33,21,7,0.910280185,0.771408163,0.331030421,0.464257631,-0.542596985,0.11009629,0.97152669,0.041831867,-1.103216418
242,29,R_7Pm,Frontoparietal,4.943474956,-65.23575419,48.4748603,9,5,23,1.005063307,0.835967448,2.789481689,0.59279166,0.393434643,-0.63360829,0.002084332,2.519087146,0.09580438
243,30,R_7m,Default,4.380361456,-60.19144385,29.4106952,6,20,2,1.175047978,1.101944903,5.768905565,-0.005296714,-1.908674802,0.003522838,0.286529951,0.063963079,-0.132245782
244,31,R_POS1,Default,14.71401256,-54.42599912,8.82784365,35,1,32,0.445332212,0.39355816,3.322174882,0.757706298,-1.222161233,0.025097746,0.168725332,1.948721126,-0.364060061
245,32,R_23d,Default,3.600678656,-21.9727891,33.7482993,23,8,31,1.106720953,1.04085269,3.948907337,-0.287356361,-0.099403371,0.28724298,-0.107665027,3.821612773,0.836171414
246,33,R_v23ab,Default,4.725637756,-53.45721925,10.09180036,10,16,7,1.235926499,1.191470133,5.797863523,-0.025560669,-2.080213688,0.044315101,0.348439368,0.021316821,-0.269613035
247,34,R_d23ab,Default,3.261144356,-38.47307692,26.9282051,18,12,17,1.125840142,1.086161507,5.936628218,-0.05120542,-1.132068275,-0.119251704,-0.280650227,1.102989981,0.432248739
248,35,R_31pv,Default,8.706568956,-46.05788423,25.8712575,15,12,18,1.149346656,1.102487006,6.043244424,-0.075230444,-1.344480822,-0.041795947,-0.151149449,0.202879487,0.188957478
249,36,R_5m,Somatomotor,3.400562156,-35.39686924,60.5395948,20,15,48,1.144276405,0.979379689,-5.191725877,-2.741332947,-1.634876065,-0.367162473,-1.060967186,2.833641214,0.030277816
250,37,R_5mv,Cingulo-Opercular,10.21188466,-39.09414226,49.7161785,7,33,62,1.293899739,1.126254332,-4.136830827,-1.111827633,-0.12893109,0.00822913,0.025024206,4.057483879,0.302367455
251,38,R_23c,Cingulo-Opercular,10.54083516,-32.7995708,38.3364807,5,50,68,1.402591338,1.18072286,-2.41545239,-0.576251793,1.019990484,0.093195315,0.557449511,5.565357004,0.486351379
252,39,R_5L,Somatomotor,9.687677056,-44.11607992,67.8382493,45,4,32,0.898339069,0.785093996,-4.997385211,-2.43041666,-1.217783429,-0.414009456,-0.79889942,2.285170681,-0.260265084
253,40,R_24dd,Somatomotor,5.752837456,-16.9100375,44.3690129,15,28,77,1.296788124,1.155948306,-5.114458671,-2.658003603,-1.378357468,-0.570172824,-0.869563711,1.356694258,0.674264355
254,41,R_24dv,Somatomotor,8.615468756,-1.6370302,38.1943171,29,18,63,1.230824895,1.099442536,-4.298853056,-1.990664063,-0.126813288,-0.070815102,0.020437954,3.898975563,1.069717739
255,42,R_7AL,Somatomotor,19.44968106,-47.74225941,66.1832636,54,2,26,0.808573677,0.644876084,-4.213530976,-1.163653069,0.09808825,-0.818304476,0.107840893,3.853428696,-0.157774183
256,43,R_SCEF,Cingulo-Opercular,6.069437156,0.8159688,51.1528724,1,57,48,1.401754486,1.187975083,-1.288947693,-0.55013418,1.412765594,0.044732384,0.805894701,2.683594106,0.881054138
257,44,R_6ma,Cingulo-Opercular,15.33434946,4.635,63.2911538,0,91,32,1.565701529,1.329569832,0.830647033,-0.164432686,1.649049093,-0.102363604,0.647208096,4.205280912,0.348749994
258,45,R_7Am,Cingulo-Opercular,9.170319856,-57.22875817,57.2928105,34,14,30,1.027425911,0.854421792,-1.979345855,0.624807618,1.484332449,-1.02282656,0.800610898,5.644286757,0.294989972
259,46,R_7Pl,Dorsal-Attention,14.54520086,-65.65588616,50.3117723,19,8,18,0.951805923,0.818450468,1.150202848,0.743958641,2.174242132,-1.292136139,0.01269098,2.620947862,0.94104565
260,47,R_7PC,Somatomotor,29.85023466,-47.27561137,60.2756114,14,8,32,1.077990267,0.89153779,-5.007839176,-1.943007992,-0.927686708,-1.283096958,-0.572427388,0.283281652,0.225045093
261,48,R_LIPv,Visual2,31.63060576,-54.96582734,49.5809353,36,7,10,0.840682726,0.723434587,-4.052641684,4.0805979,-0.438868851,-0.904280815,-0.163650204,0,3.493414841
262,49,R_VIP,Visual2,20.60563696,-58.61267606,57.3298122,31,5,21,0.991098593,0.771737201,-3.793626826,2.27262706,0.225363773,-1.494724787,0.159061858,0.013566138,0.712483317
263,50,R_MIP,Dorsal-Attention,27.02534466,-63.9982669,45.4787695,29,13,0,0.774615259,0.650411624,-1.400151116,1.921264024,1.529426602,-2.003060832,0.412976844,0.785185674,1.007347687
264,51,R_1,Somatomotor,48.61555436,-20.9423969,44.6814087,7,34,22,1.392073121,1.198712556,-5.148708225,-2.741171854,-1.757950156,-0.644031338,-0.926339868,0.28150043,-0.157277908
265,52,R_2,Somatomotor,36.88340516,-31.0874317,43.417122,10,23,31,1.266770178,1.073711703,-5.204536358,-2.497001885,-1.47423893,-0.921392612,-0.908164458,0.634841692,0.503374805
266,53,R_3a,Somatomotor,37.26568846,-16.4882521,35.5060172,3,47,10,1.681827108,1.516026254,-4.999703066,-2.488938614,-1.536231479,-0.227025664,-0.837684639,1.193766464,0.280670043
267,54,R_6d,Somatomotor,35.79019336,-9.5321016,55.6230947,2,61,30,1.5857632,1.361687075,-5.213556184,-2.495084369,-1.353075948,-1.23069997,-0.869586103,0.048083939,0.356178045
268,55,R_6mp,Somatomotor,12.67846406,-11.9155223,63.4748231,1,43,56,1.432063972,1.192516891,-4.8523122,-2.347320925,-0.859863034,-0.523014876,-0.525632622,2.192216007,0.119811598
269,56,R_6v,Somatomotor,57.43725926,8.5991432,19.08629131,5,44,34,1.490715793,1.229245335,-4.295027599,-1.716309509,-0.258897492,-0.776340443,0.11939286,0.018585139,0.443119014
270,57,R_p24pr,Cingulo-Opercular,4.477257856,-2.8688047,33.6132167,30,6,39,1.041820888,0.947923709,-2.530112905,-0.920764799,0.95566648,0.142710966,0.748725833,3.675386282,1.21847133
271,58,R_33pr,Cingulo-Opercular,4.084306756,7.8955556,23.1288889,24,11,31,1.159286381,1.04330668,-0.547076236,-0.110823227,1.446929603,-0.022535141,0.564936763,2.081278846,1.389973948
272,59,R_a24pr,Cingulo-Opercular,3.591608356,16.3059163,24.961039,28,6,40,1.068566838,0.991114865,-2.04740051,-0.71668897,1.805358364,0.503618947,1.112925521,5.534786184,1.151055588
273,60,R_p32pr,Cingulo-Opercular,6.280243856,14.439006,33.6054217,28,12,61,1.187776091,1.056396137,-1.774122549,-0.616029241,1.884680819,0.38319018,1.071539914,5.523348673,1.242227672
274,61,R_a24,Default,4.163648656,42.356998,-7.55983773,29,18,43,1.201934467,1.147207454,4.225706564,-0.168091092,-0.958211772,0.379467871,0.18160691,1.097161029,-0.391914786
275,62,R_d32,Default,9.146716756,39.2509603,19.28104994,45,17,33,1.142583756,1.024688374,5.020869104,-0.164540113,-0.055685977,0.11144834,-0.288013794,3.415152305,0.108657643
276,63,R_8BM,Frontoparietal,4.541697056,26.5624757,39.0046711,1,56,29,1.529625424,1.360409955,4.865220758,0.029434189,0.729713932,-0.525125858,-0.590251538,1.951459034,0.960841611
277,64,R_p32,Default,9.186231156,53.2299606,-8.28120894,23,21,49,1.2303295,1.188073917,4.767674457,-0.071395561,-1.035476685,0.25319818,0.114474508,2.220413817,-0.799229857
278,65,R_10r,Default,4.351349256,49.5349439,-17.93356342,11,84,47,1.445330469,1.299935428,5.868918767,-0.072887922,-2.491718863,0.00075578,0.652027316,0.112111884,-0.910720549
279,66,R_47m,Default,38.08854936,36.1784583,-21.41288279,7,28,38,1.327969834,1.281776432,3.772095504,0.326992411,-1.011992247,-0.544112301,0.411061739,0,-0.772792579
280,67,R_8Av,Default,34.93939796,16.4287714,47.1841092,31,9,31,1.234817389,0.98808215,5.198658136,0.006569189,0.212011663,-0.374717761,-0.558328629,0.095980096,0.461908948
281,68,R_8Ad,Default,20.60050256,30.1515658,45.6764092,8,31,45,1.3882087,1.205515569,5.635907649,-0.003109519,-1.293914394,-0.066736473,-0.024744658,0.370990646,0.259302895
282,69,R_9m,Default,5.632730556,52.3067031,14.95129959,29,15,43,1.208008791,1.137868949,5.99944736,-0.182812976,-2.150421026,0.114440674,0.636426939,0.739157061,-0.450002184
283,70,R_8BL,Default,7.299445656,36.5673491,48.4994612,8,77,46,1.431191429,1.247449606,6.633284173,-0.19551558,-2.062735715,-0.060061056,0.380940385,0.086189585,0.053571146
284,71,R_9p,Default,13.63982076,48.5077882,39.1422638,6,85,49,1.469965198,1.348960696,5.977491514,-0.225301277,-1.468075422,0.086418633,0.418789871,0.196080847,-0.424164358
285,72,R_10d,Default,8.329467656,69.4725441,-2.45491184,8,22,26,1.362438787,1.318935454,6.27701695,-0.115716217,-1.869076575,-0.031896855,0.111061054,0,-1.247452652
286,73,R_8C,Frontoparietal,43.11961076,18.2517446,34.7379168,25,8,34,1.173962329,0.959891126,4.748511096,0.123568542,0.938629193,-0.588367392,-0.811156565,0.010033732,0.897394474
287,74,R_44,Language,53.81220976,23.3292254,4.32614437,38,8,27,1.06610254,0.819241453,3.442579377,-0.130198539,0.63647334,-0.183523435,0.376387722,1.173831646,-0.095920832
288,75,R_45,Language,52.56571476,32.0167939,-6.00381679,25,23,24,1.24353262,1.112086979,3.589513895,-0.225001648,-1.089124532,0.092582809,1.260953386,0.104032562,-0.496385352
289,76,R_47l,Default,48.71948676,37.5252999,-14.6562337,6,9,23,1.344672501,1.350893042,6.126828666,-0.142702403,-1.567525387,-0.174889209,0.302372162,0.242139235,-0.799718828
290,77,R_a47r,Frontoparietal,40.22071506,55.0251938,-14.09657623,7,49,32,1.453363657,1.367811958,5.465572056,0.035544028,0.924860789,-0.618663647,-1.205038427,0,-1.10122864
291,78,R_6r,Cingulo-Opercular,50.70844036,13.0307403,6.25345044,16,16,43,1.311465387,1.056362653,-1.139785634,-0.143312138,2.058721099,-0.701267637,0.939873695,2.050184599,0.186867583
292,79,R_IFJa,Language,52.44875126,20.5181518,22.789879,32,9,30,1.026795186,0.80101419,0.327490919,0.5786015,0.192699369,-0.594056156,0.995820548,0,1.408550906
293,80,R_IFJp,Frontoparietal,40.55446426,11.1417004,21.9217274,24,10,39,1.183277608,0.949847897,1.261580903,1.200308244,1.950505839,-1.922465397,-0.024265162,0,1.182636478
294,81,R_IFSp,Language,48.02595336,29.9794927,14.57960065,34,8,30,1.050470198,0.818946529,2.288495117,0.808724729,0.705537988,-1.213866428,0.19864433,0,0.355185975
295,82,R_IFSa,Frontoparietal,44.52185416,41.0420732,6.02560976,25,40,34,1.356950834,1.157517849,0.387799938,0.147672553,1.767818623,-0.724761439,1.001484961,1.211240386,-0.095786631
296,83,R_p9-46v,Frontoparietal,42.32732736,33.8708832,25.0160928,34,8,28,1.114935072,0.874528638,2.992683607,0.351521365,2.07961503,-1.130708356,-0.56859457,0.430495508,1.321682239
297,84,R_46,Cingulo-Opercular,32.33405016,39.9169559,29.1436582,22,33,48,1.267601372,1.065518102,0.25702185,-0.146638885,2.434756929,-0.19016262,0.596000326,5.020454527,0.360453833
298,85,R_a9-46v,Frontoparietal,36.87662456,56.8565966,6.45060548,9,90,52,1.483197629,1.375215697,3.339853193,-0.001467612,2.03337437,-0.514881399,-0.676471028,0.315123732,1.099675785
299,86,R_9-46d,Cingulo-Opercular,24.71733716,52.2216441,22.5775234,7,100,60,1.442800821,1.316758751,2.366943583,-0.197063419,1.417855671,0.150477744,0.141289704,3.895326203,-0.389232751
300,87,R_9a,Default,11.99243226,63.1629996,21.0242479,7,51,22,1.455684573,1.373051672,6.317101364,-0.155524259,-1.690880136,-0.026621609,0.184195748,0.375143683,-0.885650105
301,88,R_10v,Default,4.136043256,50.5242848,-25.34597472,7,23,36,1.333699899,1.282942055,6.184999206,-0.14045444,-2.649760991,-0.042929219,0.7989219,0,-1.140068524
302,89,R_a10p,Frontoparietal,21.36378386,64.9384615,-18.80723982,7,21,36,1.383143603,1.330176291,4.305587114,-0.082862203,1.399009761,-0.152827773,-0.760970214,0.05512426,-1.406006754
303,90,R_10pp,Default,9.986810356,63.4155844,-25.19534632,9,21,36,1.333017887,1.293572501,6.14834623,-0.152913661,-1.476334769,-0.110844952,0.21459396,0,-1.470612632
304,91,R_11l,Frontoparietal,28.68392196,49.7849815,-22.16249487,7,26,38,1.316068604,1.286843189,3.7345673,0.130750256,2.04057969,-0.734453391,-0.845843876,0,-1.109017975
305,92,R_13l,Frontoparietal,24.21580296,32.0684818,-23.44224422,6,18,38,1.307161179,1.262250673,1.314804441,0.20441882,2.143407254,-0.843668177,0.211704974,0.318112646,-0.654825756
306,93,R_OFC,Default,11.03388326,32.2908669,-29.23750264,15,3,33,1.119946919,1.134535613,5.131587088,0.009982049,-0.465026603,-0.365701003,-0.266742596,0.092867768,-0.872150597
307,94,R_47s,Default,33.52041236,24.77101,-23.43716268,7,10,34,1.245204342,1.223690956,5.142511279,-0.165756928,-1.44539727,-0.010154527,0.713419616,0.76533278,-0.520942108
308,95,R_LIPd,Dorsal-Attention,32.72503826,-46.93559928,39.2021467,28,12,22,1.052020737,0.883520861,-1.769691824,3.385154703,0.542010901,-1.302919107,-0.080691493,1.411342343,1.060761384
309,96,R_6a,Dorsal-Attention,25.16752816,0.1890612,52.66882,0,75,44,1.576974785,1.331231325,-2.290786641,0.412890451,1.13144774,-1.645967693,0.447544764,1.63921916,1.669132021
310,97,R_i6-8,Frontoparietal,29.80203156,5.973352,51.1542777,9,27,58,1.342432552,1.121788807,4.349596097,0.343014815,0.994387967,-0.951027095,-0.801273552,0.308685276,1.586015606
311,98,R_s6-8,Frontoparietal,18.15406526,20.8677151,57.2469935,10,65,49,1.502881546,1.320859257,6.012191503,-0.11468116,-0.539594283,-0.163471835,-0.434509796,0.586853036,0.309353064
312,99,R_43,Cingulo-Opercular,52.61687986,2.0921053,-0.09671053,28,17,8,1.136079235,0.902541685,-3.803112897,-1.667456847,0.34389125,0.260592421,0.559609441,3.588650042,-0.344843758
313,100,R_OP4,Somatomotor,52.13381266,-10.5367609,9.22262211,35,8,8,0.679885377,0.412009154,-4.434279202,-2.104734763,-0.820158738,-0.00285493,-0.039803976,0.310732642,-0.362980635
314,101,R_OP1,Somatomotor,43.47747956,-19.7934094,12.92395437,25,7,24,0.798163499,0.547871763,-4.836348276,-2.390933884,-1.328688029,-0.214081781,-0.661975963,0.785353838,-0.166275913
315,102,R_OP2-3,Somatomotor,36.87323556,-16.6167665,14.05988024,29,7,15,0.812066397,0.542599459,-4.504319462,-2.173353981,-1.137041761,0.170452808,-0.330019117,3.923381107,0.145188993
316,103,R_52,Auditory,40.96582136,-19.4888268,-4.09776536,8,11,37,0.932194139,0.705957381,-3.706873395,-1.585224182,-0.185568349,0.514111098,0.270093171,5.483083281,-0.44105974
317,104,R_RI,Auditory,40.50595396,-30.2039533,10.76100629,25,10,21,0.915785338,0.717825147,-4.155421216,-1.77067226,-0.759285547,0.350512475,-0.008133987,2.474625354,-0.275395293
318,105,R_PFcm,Cingulo-Opercular,47.38669156,-29.5780488,15.8097561,31,16,17,0.896595601,0.697579999,-4.477379366,-2.033958529,-0.500714321,-0.252504856,-0.139242254,4.121333432,-0.387544247
319,106,R_PoI2,Cingulo-Opercular,39.19926426,-0.5746702,-6.26332454,28,3,14,0.676531747,0.456861823,-3.253647129,-1.310856855,0.576601378,0.087592072,0.630122856,2.286988883,-0.094666721
320,107,R_TA2,Auditory,50.86630706,5.4526248,-12.12804097,5,17,37,0.978746868,0.730481399,-3.3237429,-1.460693866,-1.076602622,0.444336445,0.475517186,0.616605131,-0.58666326
321,108,R_FOP4,Cingulo-Opercular,36.56289536,19.8535032,2.02365787,43,11,0,0.908325945,0.759875271,-1.480877476,-0.554424793,2.151800761,0.159120329,1.137244768,4.517972018,1.198343611
322,109,R_MI,Cingulo-Opercular,37.43955026,11.2466247,-3.64446445,37,5,0,0.65395823,0.460065235,-0.912110071,-0.479838274,2.103210175,-0.011793622,0.862857655,4.656740582,0.631908322
323,110,R_Pir,Orbito-Affective,31.04595836,6.1581798,-26.9772481,22,0,8,0.708040722,0.754989671,-1.28784102,-0.496587801,-0.721174051,0.22863074,0.494319001,1.634232694,-0.693124331
324,111,R_AVI,Frontoparietal,34.00265166,26.6489637,-9.27914508,23,3,1,0.471599208,0.386119075,1.836681164,-0.136665435,1.717712198,-0.084319766,0.169120521,5.131333771,1.366424999
325,112,R_AAIC,Orbito-Affective,37.57386796,15.4957983,-16.71055089,23,4,1,0.547641626,0.5045124,2.581588612,-0.378961963,0.072769017,0.449753018,0.479860083,3.158550848,0.005235812
326,113,R_FOP1,Cingulo-Opercular,42.42836806,9.2041379,0.34344828,37,8,4,0.676132378,0.467645419,-2.959465901,-1.163874787,1.281822139,0.234436029,1.008159871,4.206413412,0.325652263
327,114,R_FOP3,Cingulo-Opercular,33.66148836,9.6463415,5.94817073,37,6,0,0.602660266,0.3425022,-2.864751099,-1.027212215,1.353327185,0.090122687,1.008554474,4.310050706,0.656436965
328,115,R_FOP2,Somatomotor,38.47563676,1.1413276,9.56102784,35,7,3,0.58311305,0.344062632,-4.46935467,-1.971217051,-0.272663251,-0.877417653,0.058779397,0.574725375,0.404672606
329,116,R_PFt,Dorsal-Attention,58.15698876,-21.6109195,38.562069,16,26,37,1.218840561,1.033156897,-4.196500451,-1.005615504,-0.061276455,-1.792816775,-0.00983296,1.03555245,-0.522619084
330,117,R_AIP,Dorsal-Attention,43.40837596,-40.69402277,51.2129981,23,19,30,1.139583399,0.959149865,-3.066386163,0.506195829,0.670477531,-2.100586121,0.188451207,0.35951901,0.92698712
331,118,R_EC,Default,21.63184256,-12.0713624,-35.08897127,25,3,8,0.365283019,0.284787404,2.492955214,-0.013427978,-1.189084634,-0.023067069,0.174373644,0,-0.989775273
332,119,R_PreS,Default,22.10309076,-26.1544228,-18.5922039,33,6,8,0.478835181,0.3731573,-0.371242691,1.691832638,-1.136495154,0.406854939,0.040838798,2.076302784,-0.516593347
333,120,R_H,Default,29.78391606,-18.6111111,-24.39010989,10,0,5,0.377343338,0.238405247,0.572086689,-0.440870998,-1.594586196,0.031827362,0.225481508,0.674625931,-0.781255767
334,121,R_ProS,Visual1,23.27927156,-46.52689873,-5.07278481,59,11,15,0.402116896,0.203810472,-3.302655473,3.616285254,-1.171927356,0.827939392,-0.478865953,1.948055106,-0.477075115
335,122,R_PeEc,Ventral-Multimodal,27.89992776,-3.826648,-43.40308555,9,0,4,0.120002016,0,-0.411227604,0.941933127,-1.072181237,-0.663190927,0.76569838,0,-1.310643378
336,123,R_STGa,Language,52.10920446,16.433114,-23.68311404,18,7,21,0.774745449,0.607535345,0.8845288,-0.436212705,-2.373142899,-0.02185251,1.462655513,0,-0.993460062
337,124,R_PBelt,Auditory,57.44219066,-18.2839196,3.05904523,14,8,30,0.890290965,0.657750452,-3.606993794,-1.618079898,-1.161685359,0.496291421,0.267518358,1.04775333,-0.793047906
338,125,R_A5,Language,62.04343386,-12.3349212,-8.96518871,4,15,31,1.010454495,0.781253722,-2.308342275,-1.172760966,-1.913094205,0.092118654,0.811342632,-1.069392591,-1.09908204
339,126,R_PHA1,Default,21.39273656,-29.4517906,-23.91460055,7,4,6,0.525424472,0.431793803,0.214522583,2.298270558,-1.441605839,0.112469168,0.185528455,1.357209059,-0.745696689
340,127,R_PHA3,Dorsal-Attention,32.55416436,-32.3532764,-23.53418803,19,0,10,0.388556972,0.314538192,-1.347770169,3.192282314,-0.718332921,-0.407370347,0.188677575,1.399492983,-0.936724854
341,128,R_STSda,Language,57.26089756,1.8708075,-22.87701863,4,13,30,0.970349307,0.728018461,1.388763735,-0.055427111,-2.269834143,-0.027481009,1.47463018,-0.481669379,-1.180325255
342,129,R_STSdp,Language,50.96977966,-21.4964187,-10.87217631,8,11,23,0.983415795,0.77163495,0.386074467,-0.376373095,-1.884684946,0.095879113,1.461948887,-1.918283664,-0.924219018
343,130,R_STSvp,Default,57.93304856,-28.5168608,-11.32066217,14,18,12,0.993014269,0.809232883,4.951461011,-0.198672619,-1.540671346,-0.024253875,0.576766995,-1.223677115,-1.188718394
344,131,R_TGd,Default,38.65649396,15.4967565,-40.79991351,13,2,7,0.826976327,0.807416825,5.015206853,-0.096590573,-2.706843429,-0.080312006,1.246201041,-0.668543056,-1.35607032
345,132,R_TE1a,Default,58.45804026,-2.8360129,-30.4056806,25,6,2,0.442788386,0.237710453,6.261500186,-0.151048899,-2.406433822,-0.035781243,0.610310762,-3.157545607,-1.431885452
346,133,R_TE1p,Frontoparietal,62.67974276,-42.5544843,-18.28318386,14,11,20,0.731896245,0.58176379,4.34301495,0.446291464,1.132169749,-1.218230058,-0.89937996,-0.051202091,-1.538147474
347,134,R_TE2a,Default,56.97542266,-12.0603854,-36.41092077,8,32,4,1.018492496,0.906403,5.068649789,0.051103589,-0.285637917,-0.507106686,-0.076720863,-0.36811443,-1.583632689
348,135,R_TF,Ventral-Multimodal,42.86067726,-16.6275813,-37.69238073,5,38,7,1.102032722,1.013440537,0.11953626,1.600737529,-1.074458952,-0.621385535,1.04447849,-0.007617313,-1.397467776
349,136,R_TE2p,Dorsal-Attention,49.46807486,-36.94975845,-27.06183575,7,20,12,0.953468311,0.838532153,-1.1129918,1.583866286,0.582517101,-1.107162534,0.913488918,0,-1.37725284
350,137,R_PHT,Dorsal-Attention,57.74933786,-54.89331897,-11.42510776,21,19,10,0.990902134,0.824952949,0.829040586,0.822211415,1.837444092,-1.578767834,0.263741768,0,-1.423530296
351,138,R_PH,Visual2,51.21345916,-56.59002509,-21.69008783,14,5,41,0.558749078,0.423786771,-3.467444148,3.925627939,-0.354109259,-1.189062554,0.056133532,0,-1.400559914
352,139,R_TPOJ1,Language,53.68708876,-40.32546842,1.49618321,28,18,7,0.936739768,0.767812566,-0.575230502,0.332418014,-1.442830392,0.08899753,1.198382047,-0.553398925,-0.974578216
353,140,R_TPOJ2,Posterior-Multimodal,57.22377416,-53.2732438,1.28305785,34,6,4,0.6455624,0.431499348,-1.042160876,1.234900402,-0.163436659,-0.391190031,1.075102937,0,-1.235024488
354,141,R_TPOJ3,Posterior-Multimodal,54.31915436,-64.36755162,4.86489676,22,7,15,0.714585057,0.581475297,0.988218754,1.817263234,-1.293352942,-0.197146751,0.54367224,0.554201103,-1.294901401
355,142,R_DVT,Visual1,21.73203866,-67.2661157,28.0958678,23,0,32,0.578786109,0.471983582,-1.849937207,2.839151322,-0.13587901,0.310422831,-0.150022695,3.127757233,-0.364938089
356,143,R_PGp,Dorsal-Attention,43.19850696,-75.36299683,16.11642631,37,12,20,0.518816669,0.319553857,-0.556631281,1.844187205,0.805303198,-1.040161831,0.4539356,2.801523413,-1.184066165
357,144,R_IP2,Frontoparietal,46.43804856,-42.22794118,40.1933824,24,19,30,1.146918494,0.962517215,1.930535788,0.640741991,2.226767675,-1.612631335,-0.411510034,3.023781981,1.397843398
358,145,R_IP1,Frontoparietal,36.89434206,-57.78716087,38.7661444,37,7,8,0.915952292,0.786189869,2.324971485,1.117792789,1.540445831,-1.565003018,-0.562849908,1.457597862,0.734031186
359,146,R_IP0,Dorsal-Attention,32.69892816,-71.11942675,22.0254777,21,10,29,0.615496711,0.453736572,-2.671480464,3.993325224,0.099583183,-1.020532388,-0.009223548,0.865576317,-0.768193294
360,147,R_PFop,Cingulo-Opercular,62.84951396,-21.5715029,20.04368175,24,14,20,1.140438996,0.979112907,-3.708115654,-1.430344654,0.543627462,-0.42145476,0.642194286,2.863297463,-0.788039969
361,148,R_PF,Cingulo-Opercular,58.33254536,-32.9028762,34.1629846,26,20,25,1.153815137,0.987850625,-1.557780006,-0.342454404,1.974704725,-0.670520235,0.881774199,5.097344807,-0.529578141
362,149,R_PFm,Frontoparietal,54.50987796,-46.84020619,32.29194,23,14,18,1.120257388,0.945185498,4.790378493,0.038384596,1.231493024,-0.525309265,-0.963714755,0.941938474,-0.391401612
363,150,R_PGi,Default,50.81304086,-59.22498618,18.46932007,37,10,0,0.745133208,0.517075396,6.163832998,-0.061690344,-1.426402755,-0.128723027,-0.101997596,0.013002818,-0.901128302
364,151,R_PGs,Default,47.82626236,-63.13866667,34.7658667,38,8,6,0.854132006,0.679339307,5.005442703,0.203477891,0.151036018,-0.522726923,-0.696074432,0.351144673,-0.501207587
365,152,R_V6A,Visual2,24.08212466,-81.14440433,38.4368231,11,6,30,0.667600796,0.515581954,-4.506419675,4.502404751,-1.12763682,0.501179487,-0.59911474,0.060310943,-0.795912856
366,153,R_VMV1,Visual2,18.51272836,-47.23966447,-15.54224086,15,0,25,0.369702576,0.276410926,-4.279189287,4.75294491,-1.235177833,0.73750503,-0.642893366,0.75077883,-0.666887139
367,154,R_VMV3,Visual2,27.76819566,-53.88815789,-16.92105263,15,0,26,0.364238849,0.28972417,-4.225069729,5.39019378,-1.158438274,0.276595038,-0.53383958,0,-0.566412583
368,155,R_PHA2,Default,28.55068806,-29.0152905,-24.24770642,7,2,10,0.447800826,0.292126371,0.305536808,1.095394059,-0.843032517,-0.221544,0.241630984,0.867781855,-0.861140814
369,156,R_V4t,Visual2,44.34147156,-74.51532567,-9.77777778,13,1,38,0.563860791,0.446638162,-4.154315533,4.654851028,-1.256257245,-0.229797317,-0.285000634,0,-1.339198457
370,157,R_FST,Visual2,46.22969266,-60.99654875,-9.10612597,42,11,16,0.392047535,0.216995408,-3.918349681,3.430072296,-0.729678297,-0.614932623,0.033312907,0,-1.089786354
371,158,R_V3CD,Visual2,35.38950106,-83.67487685,7.74753695,4,0,34,0.643186481,0.507884892,-4.081294779,5.239593888,-0.836092801,-0.255195879,-0.354347216,0,-1.380920413
372,159,R_LO3,Visual2,44.90402246,-76.45275591,1.5511811,12,5,31,0.632037412,0.508197765,-3.828475811,4.729334721,-0.74929848,-0.110207316,-0.180734621,0,-1.371124967
373,160,R_VMV2,Visual2,28.82801286,-45.94753577,-13.00476948,16,0,20,0.220387758,0.144340179,-4.109139595,5.03568287,-1.165834121,0.525275829,-0.53437952,0.709236977,-0.666117824
374,161,R_31pd,Default,12.28442946,-49.90422078,32.7581169,13,13,12,1.156757417,1.073798032,6.057558962,-0.110270508,-1.752223162,0.064767128,0.20249715,0.458678101,0.216550578
375,162,R_31a,Default,7.953459356,-38.1826742,34.5442561,15,10,15,1.095103102,1.036306408,4.242227725,0.149350302,0.487964002,-0.260112217,-0.514579613,3.538571211,0.425785637
376,163,R_VVC,Visual2,30.61743196,-40.79674134,-25.56578411,12,0,24,0.361204846,0.265989563,-3.445231943,4.92841141,-1.010046078,-0.195493156,-0.237154679,0.24877364,-1.011313681
377,164,R_25,Default,3.675982556,20.8674863,-18.58333333,7,22,39,1.274957415,1.192801395,4.764258464,-0.031410063,-2.098580654,-0.017907007,0.597433026,0,-0.150225359
378,165,R_s32,Default,4.002046156,34.3336724,-21.66429298,10,31,48,1.276757324,1.205481772,5.902981284,-0.049179293,-2.381895271,-0.083191286,0.520458561,0,-0.60457774
379,166,R_pOFC,Orbito-Affective,16.51829306,12.8207327,-24.93998441,23,2,24,0.934326784,1.037770372,1.457336084,-0.153362873,0.300806822,0.15333969,0.37365981,1.230161595,-0.445775053
380,167,R_PoI1,Cingulo-Opercular,38.55751656,-9.8479944,-11.02814919,16,6,33,0.780917523,0.577206939,-3.065812358,-1.140194315,0.749422677,0.376577559,0.807686992,4.663425797,-0.419206452
381,168,R_Ig,Somatomotor,36.26095626,-10.703668,7.61003861,32,5,13,0.668184696,0.445529637,-4.490983665,-2.152492527,-1.039707612,0.107362528,-0.300510775,0.967601002,0.173506807
382,169,R_FOP5,Cingulo-Opercular,38.14878096,29.3243968,-3.08132261,39,5,2,0.590083169,0.491377195,-0.783426524,-0.380338526,2.076287238,0.236550491,1.113117461,4.750710651,0.892762597
383,170,R_p10p,Frontoparietal,24.00260566,63.448469,-2.74831964,7,78,25,1.497743052,1.401822491,5.122220906,-0.00706953,0.565885995,-0.209163707,-0.928495362,1.233200214,-1.003070737
384,171,R_p47r,Frontoparietal,44.06847786,48.5656566,-2.58823529,6,89,43,1.523443012,1.459124632,4.658562498,0.081110697,1.373800679,-0.753167054,-0.885664103,0.143697591,-0.476904155
385,172,R_TGv,Language,40.42358696,0.643214,-50.7131557,5,16,7,0.899464689,0.86401062,1.695901093,0.404488092,-1.501340214,-0.356361411,1.411191255,-0.896246768,-1.656759697
386,173,R_MBelt,Auditory,46.70714916,-14.1976744,0.32093023,10,8,32,0.901286632,0.685025873,-3.78934577,-1.601984149,-0.714497818,0.56560399,0.118795558,2.56104102,-0.432131305
387,174,R_LBelt,Auditory,49.04047106,-24.2724595,4.29602356,22,7,27,0.831195236,0.618985639,-3.810659141,-1.547385867,-0.958418236,0.633368502,0.057427752,3.712984813,-0.582488221
388,175,R_A4,Auditory,63.93391966,-14.7515837,-0.0040724,10,9,32,0.948506835,0.726048861,-3.269741775,-1.533248305,-1.495789204,0.318322174,0.458010434,-0.530296043,-1.014347776
389,176,R_STSva,Default,57.99880626,-9.0869087,-21.81958196,20,7,18,0.699499067,0.513443721,5.19679006,-0.07254726,-2.34956651,-0.021598982,0.898867507,-1.531054092,-1.247131006
390,177,R_TE1m,Default,66.94700926,-23.5080508,-19.4220339,16,10,15,0.615026327,0.46875324,5.99964439,-0.056749175,-0.024272127,-0.355128596,-0.889082569,-0.686465689,-1.512997924
391,178,R_PI,Cingulo-Opercular,45.07340396,1.08125,-19.978125,10,6,32,0.853374552,0.636166715,-2.575750392,-1.014935789,-0.047895671,0.442223943,0.885751467,1.873485057,-0.748862782
392,179,R_a32pr,Cingulo-Opercular,6.954586156,29.2973373,23.9792899,28,5,43,1.102891093,1.016381095,1.49758328,-0.279427856,1.927859695,0.403438483,0.080737973,5.632093305,0.570345949
393,180,R_p24,Cingulo-Opercular,3.268838856,39.6234991,9.95540309,32,17,36,1.169626975,1.110934795,0.955152799,-0.388242667,1.178768002,0.714311082,0.290497951,5.857014171,0.061019144
394,394,R_AV,subcortex,4.096585456,-2.2923729,2.66101695,8,0,8,0.963910456,0,0,0,0,0,0,0,1.615682006
395,395,R_CeM,subcortex,4.700887956,-6.1666667,-6.29487179,14,15,19,1.193196692,0,0,0,0,0,0,0,0.964742702
396,396,R_CL,subcortex,4.422607456,-9.1764706,6.05882353,7,2,0,0.580448129,0,0,0,0,0,0,0,2.099561655
397,397,R_CM,subcortex,9.557298256,-18.2051282,-5.95384615,15,8,33,1.290868355,0,0,0,0,0,0,0,0.773200982
398,398,R_LD,subcortex,4.620468356,-10.5454545,9.18181818,6,1,4,1.172424906,0,0,0,0,0,0,0,2.252325129
399,399,R_LGN,subcortex,21.44601256,-25.2746479,-10.81690141,48,5,22,0.474406098,0,0,0,0,0,0,0,-0.171749496
400,400,R_LP,subcortex,7.900742856,-14.6754717,9.3245283,7,8,6,1.055627894,0,0,0,0,0,0,0,2.44555197
401,401,R_L-Sg,subcortex,9.268195656,-25.5,-7.5,19,2,4,0.714502142,0,0,0,0,0,0,0,0.317910052
402,402,R_MDl,subcortex,6.298790056,-12.3671329,0.21678322,30,3,14,0.885884063,0,0,0,0,0,0,0,1.732551791
403,403,R_MDm,subcortex,3.287279656,-13.023855,-1.375,15,2,14,1.148657863,0,0,0,0,0,0,0,1.498191468
404,404,R_MGN,subcortex,14.08420686,-23.9101124,-10.8988764,46,1,6,0.248881736,0,0,0,0,0,0,0,0.056887358
405,405,R_MV-Re,subcortex,3.893195656,-7.2857143,-9.28571429,0,0,1,1.464941428,0,0,0,0,0,0,0,0.738894803
406,406,R_Pf,subcortex,5.596899356,-18.8518519,-8.24074074,22,7,26,1.104129218,0,0,0,0,0,0,0,0.602319266
407,407,R_PuA,subcortex,11.13179216,-21.4701754,0.89122807,13,1,21,1.070228383,0,0,0,0,0,0,0,1.423020278
408,408,R_PuI,subcortex,17.13042196,-28.6532847,-5.90510949,22,11,20,0.805063218,0,0,0,0,0,0,0,0.065662605
409,409,R_PuL,subcortex,16.85428516,-22.9649805,5.39299611,13,1,22,1.060327124,0,0,0,0,0,0,0,0.881207848
410,410,R_PuM,subcortex,11.96280826,-26.9164649,1.26876513,7,11,20,1.145563445,0,0,0,0,0,0,0,0.703815584
411,411,R_VA,subcortex,8.689182256,-1.8695652,-2.08361204,29,3,32,1.065816587,0,0,0,0,0,0,0,1.100026088
412,412,R_VLa,subcortex,11.36773266,-6.7199074,0.60416667,21,5,40,1.149427852,0,0,0,0,0,0,0,1.380995934
413,413,R_VLp,subcortex,11.88365086,-11.2870778,2.010279,20,3,36,1.14681695,0,0,0,0,0,0,0,1.728252748
414,414,R_VPL,subcortex,16.45937726,-18.7221067,0.02494802,16,1,35,1.082976519,0,0,0,0,0,0,0,0.921868144
415,415,R_Putam,subcortex,25.88592526,3.1485969,-5.7744898,2,56,24,1.739616173,0,0,0,0,0,0,0,0.349522349
416,416,R_Caud,subcortex,14.11228526,9.4372342,3.15404001,17,32,39,1.464941428,0,0,0,0,0,0,0,0.871982336
417,417,R_NAc,subcortex,9.288067456,10.7777778,-16.01367521,8,33,4,1.797369278,0,0,0,0,0,0,0,0.084703507
418,418,R_Gpe,subcortex,19.16046536,1.5065789,-6.44654605,1,54,20,1.83547706,0,0,0,0,0,0,0,0.456771113
419,419,R_Gpi,subcortex,17.12102436,-2.3394495,-10.47553517,1,5,28,1.407099721,0,0,0,0,0,0,0,0.2969975
420,420,R_Amyg,subcortex,23.58795226,-2.437578,-26.1011236,10,5,12,1.147736009,0,0,0,0,0,0,0,-0.59875585
421,421,R_SNpc,subcortex,8.102873056,-17.3064516,-20.1827957,0,3,19,1.503515771,0,0,0,0,0,0,0,-0.210523424
422,422,R_SNpr,subcortex,9.946886956,-14,-19.49217002,0,4,23,1.41470922,0,0,0,0,0,0,0,-0.151273416
423,423,R_VTA,subcortex,3.631290856,-18.6904762,-22.78571429,3,7,16,1.317999323,0,0,0,0,0,0,0,-0.322453949
424,424,R_MB,subcortex,2.304960356,-5.7352941,-20.70588235,5,7,12,1.049475987,0,0,0,0,0,0,0,-0.029306208
425,425,R_Septum,subcortex,1.076052756,8.3828571,-9.04571429,12,33,8,1.582246105,0,0,0,0,0,0,0,0.713081647
426,426,R_Nb,subcortex,15.24775676,1.4595525,-16.00516351,11,33,19,1.457481655,0,0,0,0,0,0,0,0.041625927
