"","-1","-0.98","-0.96","-0.94","-0.92","-0.9","-0.88","-0.86","-0.84","-0.82","-0.8","-0.78","-0.76","-0.74","-0.72","-0.7","-0.68","-0.66","-0.64","-0.62","-0.6","-0.58","-0.56","-0.54","-0.52","-0.5","-0.48","-0.46","-0.44","-0.42","-0.4","-0.38","-0.36","-0.34","-0.32","-0.3","-0.28","-0.26","-0.24","-0.22","-0.2","-0.18","-0.16","-0.14","-0.12","-0.1","-0.08","-0.06","-0.04","-0.02","0","0.02","0.04","0.06","0.08","0.1","0.12","0.14","0.16","0.18","0.2","0.22","0.24","0.26","0.28","0.3","0.32","0.34","0.36","0.38","0.4","0.42","0.44","0.46","0.48","0.5","0.52","0.54","0.56","0.58","0.6","0.62","0.64","0.66","0.68","0.7","0.72","0.74","0.76","0.78","0.8","0.82","0.84","0.86","0.88","0.9","0.92","0.94","0.96","0.98"
"102311",0,0,0,0,0,0,0,0,0,0,0,0,0,0,0,0,0,0,0,0,0,0,0,0,0,0,0,0,0,0,0,0,0,0,0,0,0,0,0,0,0,0,0,0,0,0,0,0,0,0,26,650,2878,4999,5847,6066,5590,4887,4149,3424,2761,2171,1707,1418,1004,769,644,525,382,305,247,163,115,60,51,17,12,6,5,0,1,0,1,0,0,0,0,0,0,0,0,0,0,0,0,0,0,0,0,0
"104416",0,0,0,0,0,0,0,0,0,0,0,0,0,0,0,0,0,0,0,0,0,0,0,0,0,0,0,0,0,0,0,0,0,0,0,0,0,0,0,0,0,0,0,0,0,0,0,0,0,0,3,411,1976,3929,5115,5731,5944,5176,4632,3988,3276,2657,2226,1583,1196,850,620,467,377,250,173,110,70,45,38,20,14,1,2,0,0,0,0,0,0,0,0,0,0,0,0,0,0,0,0,0,0,0,0,0
"105923",0,0,0,0,0,0,0,0,0,0,0,0,0,0,0,0,0,0,0,0,0,0,0,0,0,0,0,0,0,0,0,0,0,0,0,0,0,0,0,0,0,0,0,0,0,0,0,0,0,0,22,986,3192,5189,6083,6172,5900,5111,4347,3359,2571,2052,1553,1106,851,724,517,380,262,169,121,78,57,43,12,8,3,2,3,2,2,0,1,1,1,0,0,0,0,0,0,0,0,0,0,0,0,0,0,0
"109123",0,0,0,0,0,0,0,0,0,0,0,0,0,0,0,0,0,0,0,0,0,0,0,0,0,0,0,0,0,0,0,0,0,0,0,0,0,0,0,0,0,0,0,0,0,0,0,0,0,0,47,1661,5753,9097,9457,7918,5741,3942,2562,1669,1099,715,453,287,210,136,69,33,21,5,2,1,1,0,0,1,0,0,0,0,0,0,0,0,0,0,0,0,0,0,0,0,0,0,0,0,0,0,0,0
"111514",0,0,0,0,0,0,0,0,0,0,0,0,0,0,0,0,0,0,0,0,0,0,0,0,0,0,0,0,0,0,0,0,0,0,0,0,0,0,0,0,0,0,0,0,0,0,0,0,0,0,36,900,3088,5265,6867,6955,6440,5667,4416,3374,2394,1739,1160,912,582,388,286,184,98,58,39,22,8,2,0,0,0,0,0,0,0,0,0,0,0,0,0,0,0,0,0,0,0,0,0,0,0,0,0,0
"114823",0,0,0,0,0,0,0,0,0,0,0,0,0,0,0,0,0,0,0,0,0,0,0,0,0,0,0,0,0,0,0,0,0,0,0,0,0,0,0,0,0,0,0,0,0,0,0,0,0,0,46,1237,4061,7315,8625,7869,6268,4578,3383,2363,1649,1129,739,507,342,217,173,121,84,50,29,27,21,23,10,8,6,0,0,0,0,0,0,0,0,0,0,0,0,0,0,0,0,0,0,0,0,0,0,0
"115017",0,0,0,0,0,0,0,0,0,0,0,0,0,0,0,0,0,0,0,0,0,0,0,0,0,0,0,0,0,0,0,0,0,0,0,0,0,0,0,0,0,0,0,0,0,0,0,0,0,0,4,421,1587,3357,4976,5723,5827,5383,4720,4068,3281,2722,2317,1737,1371,1082,778,492,376,253,154,102,66,36,18,13,10,4,2,0,0,0,0,0,0,0,0,0,0,0,0,0,0,0,0,0,0,0,0,0
"115825",0,0,0,0,0,0,0,0,0,0,0,0,0,0,0,0,0,0,0,0,0,0,0,0,0,0,0,0,0,0,0,0,0,0,0,0,0,0,0,0,0,0,0,0,0,0,0,0,0,0,3,171,1113,2596,4110,4783,5165,5135,4865,4308,3769,3113,2778,2132,1712,1362,1008,872,645,444,301,203,134,66,56,18,9,3,4,0,2,0,0,0,0,0,0,0,0,0,0,0,0,0,0,0,0,0,0,0
"116726",0,0,0,0,0,0,0,0,0,0,0,0,0,0,0,0,0,0,0,0,0,0,0,0,0,0,0,0,0,0,0,0,0,0,0,0,0,0,0,0,0,0,0,0,0,0,0,0,0,0,56,1488,4741,7280,7838,7418,5808,4506,3452,2532,1712,1286,916,640,459,306,186,115,56,41,24,9,5,4,0,2,0,0,0,0,0,0,0,0,0,0,0,0,0,0,0,0,0,0,0,0,0,0,0,0
"118225",0,0,0,0,0,0,0,0,0,0,0,0,0,0,0,0,0,0,0,0,0,0,0,0,0,0,0,0,0,0,0,0,0,0,0,0,0,0,0,0,0,0,0,0,0,0,0,0,0,0,214,3013,7627,9714,8825,6941,5310,3445,2281,1373,842,557,311,187,106,69,23,15,12,6,3,2,0,3,0,0,1,0,0,0,0,0,0,0,0,0,0,0,0,0,0,0,0,0,0,0,0,0,0,0
"125525",0,0,0,0,0,0,0,0,0,0,0,0,0,0,0,0,0,0,0,0,0,0,0,0,0,0,0,0,0,0,0,0,0,0,0,0,0,0,0,0,0,0,0,0,0,0,0,0,0,0,28,402,1676,3704,5499,6598,6835,6165,5021,3972,3108,2196,1691,1257,880,622,409,281,211,116,78,46,33,18,9,12,9,3,1,0,0,0,0,0,0,0,0,0,0,0,0,0,0,0,0,0,0,0,0,0
"126426",0,0,0,0,0,0,0,0,0,0,0,0,0,0,0,0,0,0,0,0,0,0,0,0,0,0,0,0,0,0,0,0,0,0,0,0,0,0,0,0,0,0,0,0,0,0,0,0,0,0,1347,6402,9150,8182,6524,4994,3735,3002,2201,1763,1244,834,562,387,258,159,66,42,14,9,2,1,1,1,0,0,0,0,0,0,0,0,0,0,0,0,0,0,0,0,0,0,0,0,0,0,0,0,0,0
"126931",0,0,0,0,0,0,0,0,0,0,0,0,0,0,0,0,0,0,0,0,0,0,0,0,0,0,0,0,0,0,0,0,0,0,0,0,0,0,0,0,0,0,0,0,0,0,0,0,0,0,0,0,0,0,0,0,0,0,0,0,0,0,0,0,0,0,0,0,0,0,0,0,0,0,0,0,0,0,0,0,0,0,0,0,0,0,0,0,0,0,0,0,0,0,0,0,0,0,0,0
"128935",0,0,0,0,0,0,0,0,0,0,0,0,0,0,0,0,0,0,0,0,0,0,0,0,0,0,0,0,0,0,0,0,0,0,0,0,0,0,0,0,0,0,0,0,0,0,0,0,0,0,13,412,1906,3652,5262,6354,6560,5889,4894,4092,3131,2544,2046,1379,975,657,403,285,171,105,70,35,21,15,8,0,0,1,0,0,0,0,0,0,0,0,0,0,0,0,0,0,0,0,0,0,0,0,0,0
"134627",0,0,0,0,0,0,0,0,0,0,0,0,0,0,0,0,0,0,0,0,0,0,0,0,0,0,0,0,0,0,0,0,0,0,0,0,0,0,0,0,0,0,0,0,0,0,0,0,0,0,153,1878,5572,8486,9023,7594,6026,4165,2795,1809,1158,859,501,296,214,153,79,38,42,20,11,4,2,2,0,0,0,0,0,0,0,0,0,0,0,0,0,0,0,0,0,0,0,0,0,0,0,0,0,0
"135124",0,0,0,0,0,0,0,0,0,0,0,0,0,0,0,0,0,0,0,0,0,0,0,0,0,0,0,0,0,0,0,0,0,0,0,0,0,0,0,0,0,0,0,0,0,0,0,0,0,0,49,630,2282,3837,4769,4961,4959,4429,4034,3569,3256,2686,2398,1903,1510,1218,1007,787,626,498,372,298,241,191,138,96,45,37,21,10,6,7,5,5,0,0,0,0,0,0,0,0,0,0,0,0,0,0,0,0
"140117",0,0,0,0,0,0,0,0,0,0,0,0,0,0,0,0,0,0,0,0,0,0,0,0,0,0,0,0,0,0,0,0,0,0,0,0,0,0,0,0,0,0,0,0,0,0,0,0,0,0,15,434,2077,4814,5961,6576,6189,5480,4629,3586,2828,2232,1740,1185,884,633,473,338,283,193,124,80,49,37,21,13,4,2,0,0,0,0,0,0,0,0,0,0,0,0,0,0,0,0,0,0,0,0,0,0
"144226",0,0,0,0,0,0,0,0,0,0,0,0,0,0,0,0,0,0,0,0,0,0,0,0,0,0,0,0,0,0,0,0,0,0,0,0,0,0,0,0,0,0,0,0,0,0,0,0,0,0,3,163,1443,3801,6275,6924,6788,6215,5149,4069,3222,2365,1622,1027,700,465,305,163,96,58,17,7,2,1,0,0,0,0,0,0,0,0,0,0,0,0,0,0,0,0,0,0,0,0,0,0,0,0,0,0
"145834",0,0,0,0,0,0,0,0,0,0,0,0,0,0,0,0,0,0,0,0,0,0,0,0,0,0,0,0,0,0,0,0,0,0,0,0,0,0,0,0,0,0,0,0,0,0,0,0,0,0,44,776,3403,5801,6963,6745,6014,5191,4173,3067,2522,1762,1168,844,621,499,394,229,181,160,129,79,59,22,23,9,2,0,0,0,0,0,0,0,0,0,0,0,0,0,0,0,0,0,0,0,0,0,0,0
"146432",0,0,0,0,0,0,0,0,0,0,0,0,0,0,0,0,0,0,0,0,0,0,0,0,0,0,0,0,0,0,0,0,0,0,0,0,0,0,0,0,0,0,0,0,0,0,0,0,0,0,23,1004,3749,6669,7695,7637,6655,5293,3931,2746,1823,1282,894,545,376,185,169,85,52,25,24,9,9,0,0,0,0,0,0,0,0,0,0,0,0,0,0,0,0,0,0,0,0,0,0,0,0,0,0,0
"146937",0,0,0,0,0,0,0,0,0,0,0,0,0,0,0,0,0,0,0,0,0,0,0,0,0,0,0,0,0,0,0,0,0,0,0,0,0,0,0,0,0,0,0,0,0,0,0,0,0,0,228,3440,8067,9654,8469,6762,4857,3372,2241,1486,963,608,399,195,76,36,15,7,2,0,3,0,0,0,0,0,0,0,0,0,0,0,0,0,0,0,0,0,0,0,0,0,0,0,0,0,0,0,0,0
"155938",0,0,0,0,0,0,0,0,0,0,0,0,0,0,0,0,0,0,0,0,0,0,0,0,0,0,0,0,0,0,0,0,0,0,0,0,0,0,0,0,0,0,0,0,0,0,0,0,0,0,90,1642,4498,7069,7939,7324,5988,4479,3302,2530,1648,1064,749,548,447,344,220,215,193,166,131,95,79,51,25,20,12,4,7,0,1,0,0,0,0,0,0,0,0,0,0,0,0,0,0,0,0,0,0,0
"156334",0,0,0,0,0,0,0,0,0,0,0,0,0,0,0,0,0,0,0,0,0,0,0,0,0,0,0,0,0,0,0,0,0,0,0,0,0,0,0,0,0,0,0,0,0,0,0,0,0,0,65,1646,5623,8301,8060,6648,4950,3637,2547,1928,1437,1212,1070,1019,750,590,506,362,230,120,80,52,33,9,5,0,0,0,0,0,0,0,0,0,0,0,0,0,0,0,0,0,0,0,0,0,0,0,0,0
"157336",0,0,0,0,0,0,0,0,0,0,0,0,0,0,0,0,0,0,0,0,0,0,0,0,0,0,0,0,0,0,0,0,0,0,0,0,0,0,0,0,0,0,0,0,0,0,0,0,0,0,107,1469,3976,5950,6822,6542,5814,4875,3926,3147,2313,1714,1251,994,638,448,302,209,146,89,55,40,24,17,7,5,0,0,0,0,0,0,0,0,0,0,0,0,0,0,0,0,0,0,0,0,0,0,0,0
"159239",0,0,0,0,0,0,0,0,0,0,0,0,0,0,0,0,0,0,0,0,0,0,0,0,0,0,0,0,0,0,0,0,0,0,0,0,0,0,0,0,0,0,0,0,0,0,0,0,0,0,81,1788,5369,7430,7987,7241,5871,4665,3186,2343,1713,1155,723,470,275,199,123,96,75,28,24,12,12,5,5,4,0,0,0,0,0,0,0,0,0,0,0,0,0,0,0,0,0,0,0,0,0,0,0,0
"164131",0,0,0,0,0,0,0,0,0,0,0,0,0,0,0,0,0,0,0,0,0,0,0,0,0,0,0,0,0,0,0,0,0,0,0,0,0,0,0,0,0,0,0,0,0,0,0,0,0,0,217,2770,7299,9457,9050,7143,5040,3422,2270,1520,1066,661,397,196,114,83,51,32,25,20,11,14,8,7,5,0,1,0,0,0,1,0,0,0,0,0,0,0,0,0,0,0,0,0,0,0,0,0,0,0
"164636",0,0,0,0,0,0,0,0,0,0,0,0,0,0,0,0,0,0,0,0,0,0,0,0,0,0,0,0,0,0,0,0,0,0,0,0,0,0,0,0,0,0,0,0,0,0,0,0,0,0,96,1851,5888,8950,9238,8087,6143,4346,2690,1517,936,492,292,154,100,50,30,7,7,1,3,1,0,0,1,0,0,0,0,0,0,0,0,0,0,0,0,0,0,0,0,0,0,0,0,0,0,0,0,0
"167440",0,0,0,0,0,0,0,0,0,0,0,0,0,0,0,0,0,0,0,0,0,0,0,0,0,0,0,0,0,0,0,0,0,0,0,0,0,0,0,0,0,0,0,0,0,0,0,0,0,0,29,964,3267,5248,6528,6591,6143,5227,4154,3362,2632,1912,1356,1066,795,578,381,286,134,111,60,34,12,4,2,4,0,0,0,0,0,0,0,0,0,0,0,0,0,0,0,0,0,0,0,0,0,0,0,0
"171633",0,0,0,0,0,0,0,0,0,0,0,0,0,0,0,0,0,0,0,0,0,0,0,0,0,0,0,0,0,0,0,0,0,0,0,0,0,0,0,0,0,0,0,0,0,0,0,0,0,0,221,3006,7441,8935,8705,6805,5169,3724,2404,1692,979,618,438,316,173,103,63,40,19,3,12,5,3,4,0,1,1,0,0,0,0,0,0,0,0,0,0,0,0,0,0,0,0,0,0,0,0,0,0,0
"172130",0,0,0,0,0,0,0,0,0,0,0,0,0,0,0,0,0,0,0,0,0,0,0,0,0,0,0,0,0,0,0,0,0,0,0,0,0,0,0,0,0,0,0,0,0,0,0,0,0,0,9,208,709,1743,3058,4128,4686,4879,4702,4323,4007,3377,3136,2618,2031,1733,1369,1031,828,660,497,417,289,204,92,60,47,18,5,9,3,3,1,0,0,0,0,0,0,0,0,0,0,0,0,0,0,0,0,0
"173334",0,0,0,0,0,0,0,0,0,0,0,0,0,0,0,0,0,0,0,0,0,0,0,0,0,0,0,0,0,0,0,0,0,0,0,0,0,0,0,0,0,0,0,0,0,0,0,0,0,0,38,738,3016,5884,7509,8114,6941,5643,4211,3071,2038,1395,875,622,356,203,91,46,22,12,3,3,6,4,6,7,7,4,5,4,3,3,0,0,0,0,0,0,0,0,0,0,0,0,0,0,0,0,0,0
"177140",0,0,0,0,0,0,0,0,0,0,0,0,0,0,0,0,0,0,0,0,0,0,0,0,0,0,0,0,0,0,0,0,0,0,0,0,0,0,0,0,0,0,0,0,0,0,0,0,0,0,5,421,2396,5331,7795,8055,7237,5967,4714,3301,2183,1343,875,520,328,220,104,53,25,3,1,1,0,1,0,0,0,1,0,0,0,0,0,0,0,0,0,0,0,0,0,0,0,0,0,0,0,0,0,0
"177746",0,0,0,0,0,0,0,0,0,0,0,0,0,0,0,0,0,0,0,0,0,0,0,0,0,0,0,0,0,0,0,0,0,0,0,0,0,0,0,0,0,0,0,0,0,0,0,0,0,0,781,5672,9266,9873,8191,5931,4014,2749,1642,1061,602,416,262,165,103,79,38,20,5,3,4,1,1,0,0,1,0,0,0,0,0,0,0,0,0,0,0,0,0,0,0,0,0,0,0,0,0,0,0,0
"178142",0,0,0,0,0,0,0,0,0,0,0,0,0,0,0,0,0,0,0,0,0,0,0,0,0,0,0,0,0,0,0,0,0,0,0,0,0,0,0,0,0,0,0,0,0,0,0,0,0,0,92,1149,4233,7245,7673,7309,5927,4674,3735,2919,2082,1387,860,547,366,223,143,97,61,38,40,33,19,13,8,7,0,0,0,0,0,0,0,0,0,0,0,0,0,0,0,0,0,0,0,0,0,0,0,0
"178243",0,0,0,0,0,0,0,0,0,0,0,0,0,0,0,0,0,0,0,0,0,0,0,0,0,0,0,0,0,0,0,0,0,0,0,0,0,0,0,0,0,0,0,0,0,0,0,0,0,0,9,541,2427,4485,6027,6370,5625,4950,3976,3238,2530,1984,1676,1259,1128,953,748,667,570,450,352,273,206,125,127,85,54,20,14,11,0,0,0,0,0,0,0,0,0,0,0,0,0,0,0,0,0,0,0,0
"181232",0,0,0,0,0,0,0,0,0,0,0,0,0,0,0,0,0,0,0,0,0,0,0,0,0,0,0,0,0,0,0,0,0,0,0,0,0,0,0,0,0,0,0,0,0,0,0,0,0,0,7,304,1962,4532,6860,7796,7555,6139,4828,3625,2692,1781,1095,717,477,210,139,73,35,29,14,6,4,0,0,0,0,0,0,0,0,0,0,0,0,0,0,0,0,0,0,0,0,0,0,0,0,0,0,0
"182436",0,0,0,0,0,0,0,0,0,0,0,0,0,0,0,0,0,0,0,0,0,0,0,0,0,0,0,0,0,0,0,0,0,0,0,0,0,0,0,0,0,0,0,0,0,0,0,0,0,0,35,824,3133,5835,7570,7602,7157,5794,4395,3126,2025,1286,908,486,321,199,101,40,27,10,5,0,1,0,0,0,0,0,0,0,0,0,0,0,0,0,0,0,0,0,0,0,0,0,0,0,0,0,0,0
"185442",0,0,0,0,0,0,0,0,0,0,0,0,0,0,0,0,0,0,0,0,0,0,0,0,0,0,0,0,0,0,0,0,0,0,0,0,0,0,0,0,0,0,0,0,0,0,0,0,0,0,124,1945,5489,8215,9013,7857,5822,4183,2841,1808,1103,740,588,408,252,200,136,54,30,24,12,17,8,7,3,0,1,0,0,0,0,0,0,0,0,0,0,0,0,0,0,0,0,0,0,0,0,0,0,0
"187345",0,0,0,0,0,0,0,0,0,0,0,0,0,0,0,0,0,0,0,0,0,0,0,0,0,0,0,0,0,0,0,0,0,0,0,0,0,0,0,0,0,0,0,0,0,0,0,0,0,0,10,675,2506,4034,4555,5029,5171,4994,4564,3979,3292,2740,2237,1780,1328,1026,761,572,435,367,254,153,126,70,69,55,41,36,13,7,0,0,0,0,1,0,0,0,0,0,0,0,0,0,0,0,0,0,0,0
"191033",0,0,0,0,0,0,0,0,0,0,0,0,0,0,0,0,0,0,0,0,0,0,0,0,0,0,0,0,0,0,0,0,0,0,0,0,0,0,0,0,0,0,0,0,0,0,0,0,0,0,21,496,2654,5330,7013,7012,6307,5012,4130,3281,2519,1988,1551,1171,845,565,391,269,149,93,39,18,13,5,4,2,2,0,0,0,0,0,0,0,0,0,0,0,0,0,0,0,0,0,0,0,0,0,0,0
"191336",0,0,0,0,0,0,0,0,0,0,0,0,0,0,0,0,0,0,0,0,0,0,0,0,0,0,0,0,0,0,0,0,0,0,0,0,0,0,0,0,0,0,0,0,0,0,0,0,0,0,94,1419,4112,6101,6796,6887,6014,4993,4153,3182,2357,1592,1100,770,437,335,237,143,87,33,18,14,4,0,1,1,0,0,0,0,0,0,0,0,0,0,0,0,0,0,0,0,0,0,0,0,0,0,0,0
"192439",0,0,0,0,0,0,0,0,0,0,0,0,0,0,0,0,0,0,0,0,0,0,0,0,0,0,0,0,0,0,0,0,0,0,0,0,0,0,0,0,0,0,0,0,0,0,0,0,0,0,11,461,1730,3324,4700,5238,5326,5280,4968,4627,3870,2971,2303,1857,1415,1002,642,398,294,211,123,67,34,18,8,2,0,0,0,0,0,0,0,0,0,0,0,0,0,0,0,0,0,0,0,0,0,0,0,0
"192641",0,0,0,0,0,0,0,0,0,0,0,0,0,0,0,0,0,0,0,0,0,0,0,0,0,0,0,0,0,0,0,0,0,0,0,0,0,0,0,0,0,0,0,0,0,0,0,0,0,0,71,1493,4526,6967,7597,6950,6009,4861,3815,2809,2012,1462,927,575,371,236,111,51,16,11,5,3,1,1,0,0,0,0,0,0,0,0,0,0,0,0,0,0,0,0,0,0,0,0,0,0,0,0,0,0
"193845",0,0,0,0,0,0,0,0,0,0,0,0,0,0,0,0,0,0,0,0,0,0,0,0,0,0,0,0,0,0,0,0,0,0,0,0,0,0,0,0,0,0,0,0,0,0,0,0,0,0,35,784,2886,4722,5685,5964,5664,5080,4301,3688,2886,2240,1696,1264,962,748,609,494,356,259,177,144,81,73,37,21,12,5,6,1,0,0,0,0,0,0,0,0,0,0,0,0,0,0,0,0,0,0,0,0
"198653",0,0,0,0,0,0,0,0,0,0,0,0,0,0,0,0,0,0,0,0,0,0,0,0,0,0,0,0,0,0,0,0,0,0,0,0,0,0,0,0,0,0,0,0,0,0,0,0,0,0,19,380,1665,3714,5407,6191,6152,5806,4948,4145,3367,2544,1867,1370,985,776,545,388,277,166,81,33,32,13,5,3,1,0,0,0,0,0,0,0,0,0,0,0,0,0,0,0,0,0,0,0,0,0,0,0
"199655",0,0,0,0,0,0,0,0,0,0,0,0,0,0,0,0,0,0,0,0,0,0,0,0,0,0,0,0,0,0,0,0,0,0,0,0,0,0,0,0,0,0,0,0,0,0,0,0,0,0,68,1021,3307,5453,6410,6146,5405,4671,3771,2992,2331,1838,1470,1169,859,796,651,518,384,314,290,210,178,140,103,95,86,70,53,39,21,11,7,3,0,0,0,0,0,0,0,0,0,0,0,0,0,0,0,0
"200210",0,0,0,0,0,0,0,0,0,0,0,0,0,0,0,0,0,0,0,0,0,0,0,0,0,0,0,0,0,0,0,0,0,0,0,0,0,0,0,0,0,0,0,0,0,0,0,0,0,0,1,136,687,1644,2181,2865,3009,3139,2800,2238,1794,1457,1079,829,590,391,254,172,90,42,18,15,4,5,0,0,0,0,0,0,0,0,0,0,0,0,0,0,0,0,0,0,0,0,0,0,0,0,0,0
"200614",0,0,0,0,0,0,0,0,0,0,0,0,0,0,0,0,0,0,0,0,0,0,0,0,0,0,0,0,0,0,0,0,0,0,0,0,0,0,0,0,0,0,0,0,0,0,0,0,0,0,31,1143,4233,7207,8288,7898,6616,5094,3584,2531,1546,1052,679,439,250,173,57,32,14,7,6,0,0,0,0,0,0,0,0,0,0,0,0,0,0,0,0,0,0,0,0,0,0,0,0,0,0,0,0,0
"203418",0,0,0,0,0,0,0,0,0,0,0,0,0,0,0,0,0,0,0,0,0,0,0,0,0,0,0,0,0,0,0,0,0,0,0,0,0,0,0,0,0,0,0,0,0,0,0,0,0,0,91,1941,6107,9364,9896,8236,6020,3877,2312,1401,779,402,195,107,48,41,27,14,9,8,2,2,1,0,0,0,0,0,0,0,0,0,0,0,0,0,0,0,0,0,0,0,0,0,0,0,0,0,0,0
"204521",0,0,0,0,0,0,0,0,0,0,0,0,0,0,0,0,0,0,0,0,0,0,0,0,0,0,0,0,0,0,0,0,0,0,0,0,0,0,0,0,0,0,0,0,0,0,0,0,0,0,178,3927,10271,11828,9167,5989,3829,2397,1454,863,499,278,136,40,15,4,2,1,1,0,0,1,0,0,0,0,0,0,0,0,0,0,0,0,0,0,0,0,0,0,0,0,0,0,0,0,0,0,0,0
"205220",0,0,0,0,0,0,0,0,0,0,0,0,0,0,0,0,0,0,0,0,0,0,0,0,0,0,0,0,0,0,0,0,0,0,0,0,0,0,0,0,0,0,0,0,0,0,0,0,0,0,38,975,3664,6065,6938,6732,5888,4879,3673,2843,2207,1655,1223,1017,717,593,442,324,268,195,165,125,99,57,29,20,21,14,12,2,0,0,0,0,0,0,0,0,0,0,0,0,0,0,0,0,0,0,0,0
"209228",0,0,0,0,0,0,0,0,0,0,0,0,0,0,0,0,0,0,0,0,0,0,0,0,0,0,0,0,0,0,0,0,0,0,0,0,0,0,0,0,0,0,0,0,0,0,0,0,0,0,87,2392,7759,10355,8796,6587,4604,3184,2235,1447,1057,696,533,354,253,176,127,101,46,24,31,21,10,3,2,0,0,0,0,0,0,0,0,0,0,0,0,0,0,0,0,0,0,0,0,0,0,0,0,0
"212419",0,0,0,0,0,0,0,0,0,0,0,0,0,0,0,0,0,0,0,0,0,0,0,0,0,0,0,0,0,0,0,0,0,0,0,0,0,0,0,0,0,0,0,0,0,0,0,0,0,0,22,898,3436,5947,7341,7333,6152,5144,3967,2922,2261,1616,1146,824,607,448,300,204,117,93,49,34,6,8,3,2,0,0,0,0,0,0,0,0,0,0,0,0,0,0,0,0,0,0,0,0,0,0,0,0
"214019",0,0,0,0,0,0,0,0,0,0,0,0,0,0,0,0,0,0,0,0,0,0,0,0,0,0,0,0,0,0,0,0,0,0,0,0,0,0,0,0,0,0,0,0,0,0,0,0,0,0,151,2114,5801,8161,8723,7428,5859,4310,2939,2144,1331,808,427,275,151,101,70,38,24,7,5,6,3,1,1,2,0,0,0,0,0,0,0,0,0,0,0,0,0,0,0,0,0,0,0,0,0,0,0,0
"214524",0,0,0,0,0,0,0,0,0,0,0,0,0,0,0,0,0,0,0,0,0,0,0,0,0,0,0,0,0,0,0,0,0,0,0,0,0,0,0,0,0,0,0,0,0,0,0,0,0,0,101,2075,6358,9100,8402,7207,5646,4170,2852,1912,1199,772,487,276,132,87,45,30,20,5,1,1,1,1,0,0,0,0,0,0,0,0,0,0,0,0,0,0,0,0,0,0,0,0,0,0,0,0,0,0
"233326",0,0,0,0,0,0,0,0,0,0,0,0,0,0,0,0,0,0,0,0,0,0,0,0,0,0,0,0,0,0,0,0,0,0,0,0,0,0,0,0,0,0,0,0,0,0,0,0,0,0,74,879,2251,4141,5258,5847,5802,5473,4708,3848,3108,2418,1855,1463,1074,790,564,413,290,201,142,108,70,33,36,21,11,1,1,0,0,0,0,0,0,0,0,0,0,0,0,0,0,0,0,0,0,0,0,0
"246133",0,0,0,0,0,0,0,0,0,0,0,0,0,0,0,0,0,0,0,0,0,0,0,0,0,0,0,0,0,0,0,0,0,0,0,0,0,0,0,0,0,0,0,0,0,0,0,0,0,0,112,1960,5000,7727,8042,7238,5724,4373,3403,2231,1628,1176,812,529,381,216,136,70,43,26,17,12,9,6,1,5,2,1,0,0,0,0,0,0,0,0,0,0,0,0,0,0,0,0,0,0,0,0,0,0
"249947",0,0,0,0,0,0,0,0,0,0,0,0,0,0,0,0,0,0,0,0,0,0,0,0,0,0,0,0,0,0,0,0,0,0,0,0,0,0,0,0,0,0,0,0,0,0,0,0,0,0,15,744,3379,6210,7978,7917,6819,5525,3928,2585,1832,1317,906,581,429,264,131,107,60,62,38,34,14,3,0,1,0,1,0,0,0,0,0,0,0,0,0,0,0,0,0,0,0,0,0,0,0,0,0,0
"251833",0,0,0,0,0,0,0,0,0,0,0,0,0,0,0,0,0,0,0,0,0,0,0,0,0,0,0,0,0,0,0,0,0,0,0,0,0,0,0,0,0,0,0,0,0,0,0,0,0,0,489,4789,9153,9963,8299,6244,4524,3027,1867,1118,650,315,192,129,61,31,19,7,3,0,0,0,0,0,0,0,0,0,0,0,0,0,0,0,0,0,0,0,0,0,0,0,0,0,0,0,0,0,0,0
"257845",0,0,0,0,0,0,0,0,0,0,0,0,0,0,0,0,0,0,0,0,0,0,0,0,0,0,0,0,0,0,0,0,0,0,0,0,0,0,0,0,0,0,0,0,0,0,0,0,0,0,60,1208,3525,5749,6723,6580,5899,5102,4235,3240,2584,1938,1431,1006,629,399,252,137,93,34,26,20,7,3,0,0,0,0,0,0,0,0,0,0,0,0,0,0,0,0,0,0,0,0,0,0,0,0,0,0
"318637",0,0,0,0,0,0,0,0,0,0,0,0,0,0,0,0,0,0,0,0,0,0,0,0,0,0,0,0,0,0,0,0,0,0,0,0,0,0,0,0,0,0,0,0,0,0,0,0,0,0,6,364,1873,4457,6482,7315,7080,6021,4752,3714,2710,1935,1372,951,627,465,293,186,139,66,34,17,15,4,1,1,0,0,0,0,0,0,0,0,0,0,0,0,0,0,0,0,0,0,0,0,0,0,0,0
"330324",0,0,0,0,0,0,0,0,0,0,0,0,0,0,0,0,0,0,0,0,0,0,0,0,0,0,0,0,0,0,0,0,0,0,0,0,0,0,0,0,0,0,0,0,0,0,0,0,0,0,108,1950,4921,6523,6571,6373,5579,4755,3745,2902,2127,1519,1165,817,619,454,268,159,130,97,39,21,13,11,12,2,0,0,0,0,0,0,0,0,0,0,0,0,0,0,0,0,0,0,0,0,0,0,0,0
"346137",0,0,0,0,0,0,0,0,0,0,0,0,0,0,0,0,0,0,0,0,0,0,0,0,0,0,0,0,0,0,0,0,0,0,0,0,0,0,0,0,0,0,0,0,0,0,0,0,0,0,638,5596,10460,10734,8509,5749,3720,2278,1373,796,407,251,156,115,60,27,6,2,0,0,2,0,1,0,0,0,0,0,0,0,0,0,0,0,0,0,0,0,0,0,0,0,0,0,0,0,0,0,0,0
"352738",0,0,0,0,0,0,0,0,0,0,0,0,0,0,0,0,0,0,0,0,0,0,0,0,0,0,0,0,0,0,0,0,0,0,0,0,0,0,0,0,0,0,0,0,0,0,0,0,0,0,135,1566,4020,6136,7103,6775,6044,4901,3769,2785,2252,1609,1190,777,559,363,281,218,134,89,71,40,19,14,16,6,5,3,0,0,0,0,0,0,0,0,0,0,0,0,0,0,0,0,0,0,0,0,0,0
"360030",0,0,0,0,0,0,0,0,0,0,0,0,0,0,0,0,0,0,0,0,0,0,0,0,0,0,0,0,0,0,0,0,0,0,0,0,0,0,0,0,0,0,0,0,0,0,0,0,0,0,11,434,1983,4564,6406,7507,6960,5921,4692,3624,2804,2007,1484,916,652,399,239,134,59,37,24,9,6,4,2,1,1,0,0,0,0,0,0,0,0,0,0,0,0,0,0,0,0,0,0,0,0,0,0,0
"380036",0,0,0,0,0,0,0,0,0,0,0,0,0,0,0,0,0,0,0,0,0,0,0,0,0,0,0,0,0,0,0,0,0,0,0,0,0,0,0,0,0,0,0,0,0,0,0,0,0,0,40,1046,3389,5843,7117,7229,6502,5152,4255,3116,2279,1523,1131,687,513,345,253,143,112,81,51,38,24,5,4,2,0,0,0,0,0,0,0,0,0,0,0,0,0,0,0,0,0,0,0,0,0,0,0,0
"385046",0,0,0,0,0,0,0,0,0,0,0,0,0,0,0,0,0,0,0,0,0,0,0,0,0,0,0,0,0,0,0,0,0,0,0,0,0,0,0,0,0,0,0,0,0,0,0,0,0,0,21,799,3267,5736,6947,7076,6537,5262,4151,3158,2335,1809,1276,862,587,362,253,132,94,79,49,32,27,19,8,2,0,0,0,0,0,0,0,0,0,0,0,0,0,0,0,0,0,0,0,0,0,0,0,0
"395756",0,0,0,0,0,0,0,0,0,0,0,0,0,0,0,0,0,0,0,0,0,0,0,0,0,0,0,0,0,0,0,0,0,0,0,0,0,0,0,0,0,0,0,0,0,0,0,0,0,0,93,2257,5968,7642,7530,6321,5055,3886,2924,2253,1685,1318,1046,784,597,472,334,241,190,136,77,37,22,5,3,2,1,0,0,1,0,0,0,0,0,0,0,0,0,0,0,0,0,0,0,0,0,0,0,0
"406836",0,0,0,0,0,0,0,0,0,0,0,0,0,0,0,0,0,0,0,0,0,0,0,0,0,0,0,0,0,0,0,0,0,0,0,0,0,0,0,0,0,0,0,0,0,0,0,0,0,0,14,576,2027,3470,4660,4930,4529,4309,3991,3443,3164,2638,2190,1941,1649,1350,1177,965,812,608,562,472,366,264,262,184,122,103,50,34,15,3,0,0,0,0,0,0,0,0,0,0,0,0,0,0,0,0,0,0
"412528",0,0,0,0,0,0,0,0,0,0,0,0,0,0,0,0,0,0,0,0,0,0,0,0,0,0,0,0,0,0,0,0,0,0,0,0,0,0,0,0,0,0,0,0,0,0,0,0,0,0,62,898,2762,4847,6251,6488,5969,5283,4144,3284,2546,2088,1552,1232,1018,762,524,369,287,186,127,68,41,26,42,15,5,4,0,0,0,0,0,0,0,0,0,0,0,0,0,0,0,0,0,0,0,0,0,0
"467351",0,0,0,0,0,0,0,0,0,0,0,0,0,0,0,0,0,0,0,0,0,0,0,0,0,0,0,0,0,0,0,0,0,0,0,0,0,0,0,0,0,0,0,0,0,0,0,0,0,0,22,708,2541,4928,6278,6595,6753,5943,4708,3659,2692,1906,1323,913,571,392,290,196,165,112,72,43,33,16,10,6,2,1,1,0,0,1,0,0,0,0,0,0,0,0,0,0,0,0,0,0,0,0,0,0
"550439",0,0,0,0,0,0,0,0,0,0,0,0,0,0,0,0,0,0,0,0,0,0,0,0,0,0,0,0,0,0,0,0,0,0,0,0,0,0,0,0,0,0,0,0,0,0,0,0,0,0,1,63,313,1062,1992,2860,3282,3266,3138,2693,2157,1585,1031,709,418,314,221,131,99,47,36,13,6,3,0,0,0,0,0,0,0,0,0,0,0,0,0,0,0,0,0,0,0,0,0,0,0,0,0,0
"562345",0,0,0,0,0,0,0,0,0,0,0,0,0,0,0,0,0,0,0,0,0,0,0,0,0,0,0,0,0,0,0,0,0,0,0,0,0,0,0,0,0,0,0,0,0,0,0,0,0,0,33,902,2707,4985,6545,6806,5948,5480,4590,3585,2702,1936,1439,1051,704,543,345,199,157,93,62,42,13,6,3,0,2,0,0,1,1,0,0,0,0,0,0,0,0,0,0,0,0,0,0,0,0,0,0,0
"581450",0,0,0,0,0,0,0,0,0,0,0,0,0,0,0,0,0,0,0,0,0,0,0,0,0,0,0,0,0,0,0,0,0,0,0,0,0,0,0,0,0,0,0,0,0,0,0,0,0,0,4,485,2108,4439,6119,6496,6207,5507,4793,4013,3098,2206,1629,1101,796,528,399,261,194,154,96,69,52,31,20,30,30,10,4,0,1,0,0,0,0,0,0,0,0,0,0,0,0,0,0,0,0,0,0,0
"601127",0,0,0,0,0,0,0,0,0,0,0,0,0,0,0,0,0,0,0,0,0,0,0,0,0,0,0,0,0,0,0,0,0,0,0,0,0,0,0,0,0,0,0,0,0,0,0,0,0,0,66,1414,4810,7515,8039,7674,6205,4576,3212,2181,1585,1038,733,608,393,288,206,128,75,50,37,22,12,7,2,3,1,0,0,0,0,0,0,0,0,0,0,0,0,0,0,0,0,0,0,0,0,0,0,0
"638049",0,0,0,0,0,0,0,0,0,0,0,0,0,0,0,0,0,0,0,0,0,0,0,0,0,0,0,0,0,0,0,0,0,0,0,0,0,0,0,0,0,0,0,0,0,0,0,0,0,0,151,2288,5446,7457,7766,6414,5482,4429,3385,2481,1837,1229,831,545,414,240,197,106,51,42,37,28,12,8,4,0,0,0,0,0,0,0,0,0,0,0,0,0,0,0,0,0,0,0,0,0,0,0,0,0
"644246",0,0,0,0,0,0,0,0,0,0,0,0,0,0,0,0,0,0,0,0,0,0,0,0,0,0,0,0,0,0,0,0,0,0,0,0,0,0,0,0,0,0,0,0,0,0,0,0,0,0,368,3645,7862,8962,7814,5680,3816,2515,1668,1134,729,468,360,201,142,80,51,28,12,5,1,0,0,0,0,0,0,0,0,0,0,0,0,0,0,0,0,0,0,0,0,0,0,0,0,0,0,0,0,0
"671855",0,0,0,0,0,0,0,0,0,0,0,0,0,0,0,0,0,0,0,0,0,0,0,0,0,0,0,0,0,0,0,0,0,0,0,0,0,0,0,0,0,0,0,0,0,0,0,0,0,0,256,3241,7914,9259,8037,6230,4596,3522,2598,1712,1181,765,583,374,276,135,85,56,25,16,9,6,3,0,0,0,0,0,0,1,0,0,0,0,0,0,0,0,0,0,0,0,0,0,0,0,0,0,0,0
"680957",0,0,0,0,0,0,0,0,0,0,0,0,0,0,0,0,0,0,0,0,0,0,0,0,0,0,0,0,0,0,0,0,0,0,0,0,0,0,0,0,0,0,0,0,0,0,0,0,0,0,72,1284,4217,6539,7130,6659,6038,4967,3925,2947,2121,1462,1076,721,549,384,281,190,123,84,45,28,18,9,5,3,2,1,0,0,0,0,0,0,0,0,0,0,0,0,0,0,0,0,0,0,0,0,0,0
"724446",0,0,0,0,0,0,0,0,0,0,0,0,0,0,0,0,0,0,0,0,0,0,0,0,0,0,0,0,0,0,0,0,0,0,0,0,0,0,0,0,0,0,0,0,0,0,0,0,0,0,188,2395,6960,9119,8823,7310,5162,3575,2284,1668,1176,776,526,394,212,132,82,43,19,20,13,3,0,0,0,0,0,0,0,0,0,0,0,0,0,0,0,0,0,0,0,0,0,0,0,0,0,0,0,0
"725751",0,0,0,0,0,0,0,0,0,0,0,0,0,0,0,0,0,0,0,0,0,0,0,0,0,0,0,0,0,0,0,0,0,0,0,0,0,0,0,0,0,0,0,0,0,0,0,0,0,0,38,812,2693,4727,6389,6647,6179,5792,4845,3788,2891,1942,1440,954,658,452,283,179,89,37,11,14,9,6,2,3,0,0,0,0,0,0,0,0,0,0,0,0,0,0,0,0,0,0,0,0,0,0,0,0
"751550",0,0,0,0,0,0,0,0,0,0,0,0,0,0,0,0,0,0,0,0,0,0,0,0,0,0,0,0,0,0,0,0,0,0,0,0,0,0,0,0,0,0,0,0,0,0,0,0,0,0,5,88,587,1481,2491,3496,4313,4782,4643,4314,3772,3045,2479,1870,1349,1022,762,513,400,308,214,170,125,70,49,57,22,21,11,7,4,1,0,0,0,0,0,0,0,0,0,0,0,0,0,0,0,0,0,0
"757764",0,0,0,0,0,0,0,0,0,0,0,0,0,0,0,0,0,0,0,0,0,0,0,0,0,0,0,0,0,0,0,0,0,0,0,0,0,0,0,0,0,0,0,0,0,0,0,0,0,0,31,548,2357,4365,5879,6001,5721,4895,4055,3428,2774,2359,2002,1561,1350,972,697,566,399,336,229,107,89,72,41,21,8,6,6,5,0,0,0,0,0,0,0,0,0,0,0,0,0,0,0,0,0,0,0,0
"770352",0,0,0,0,0,0,0,0,0,0,0,0,0,0,0,0,0,0,0,0,0,0,0,0,0,0,0,0,0,0,0,0,0,0,0,0,0,0,0,0,0,0,0,0,0,0,0,0,0,0,28,550,2875,5405,6584,6573,6025,5233,4382,3733,2690,1978,1488,1091,757,510,357,242,156,105,58,25,18,10,4,1,1,1,0,0,0,0,0,0,0,0,0,0,0,0,0,0,0,0,0,0,0,0,0,0
"789373",0,0,0,0,0,0,0,0,0,0,0,0,0,0,0,0,0,0,0,0,0,0,0,0,0,0,0,0,0,0,0,0,0,0,0,0,0,0,0,0,0,0,0,0,0,0,0,0,0,0,34,948,3278,5905,7085,6832,6170,5128,4049,3055,2401,1749,1181,865,637,427,340,228,161,113,82,56,61,24,19,17,13,6,9,3,3,1,0,0,0,0,0,0,0,0,0,0,0,0,0,0,0,0,0,0
"814649",0,0,0,0,0,0,0,0,0,0,0,0,0,0,0,0,0,0,0,0,0,0,0,0,0,0,0,0,0,0,0,0,0,0,0,0,0,0,0,0,0,0,0,0,0,0,0,0,0,0,148,2184,5644,7411,7364,6747,5734,4641,3509,2649,1781,1222,802,414,235,172,84,64,44,21,5,2,2,0,0,0,1,0,0,0,0,0,0,0,0,0,0,0,0,0,0,0,0,0,0,0,0,0,0,0
"818859",0,0,0,0,0,0,0,0,0,0,0,0,0,0,0,0,0,0,0,0,0,0,0,0,0,0,0,0,0,0,0,0,0,0,0,0,0,0,0,0,0,0,0,0,0,0,0,0,0,0,32,917,3475,5806,7179,6891,6079,5314,4247,3285,2512,1693,1129,781,537,386,255,139,98,57,22,19,13,6,6,1,0,1,0,0,0,0,0,0,0,0,0,0,0,0,0,0,0,0,0,0,0,0,0,0
"825048",0,0,0,0,0,0,0,0,0,0,0,0,0,0,0,0,0,0,0,0,0,0,0,0,0,0,0,0,0,0,0,0,0,0,0,0,0,0,0,0,0,0,0,0,0,0,0,0,0,0,132,1505,4484,6499,6980,6774,5872,4688,3719,2740,2055,1498,1178,919,640,509,308,174,92,60,34,16,4,0,0,0,0,0,0,0,0,0,0,0,0,0,0,0,0,0,0,0,0,0,0,0,0,0,0,0
"871762",0,0,0,0,0,0,0,0,0,0,0,0,0,0,0,0,0,0,0,0,0,0,0,0,0,0,0,0,0,0,0,0,0,0,0,0,0,0,0,0,0,0,0,0,0,0,0,0,0,0,25,784,2815,4696,5367,5613,5634,5102,4479,3664,2952,2403,1958,1415,1133,835,641,469,319,209,154,82,58,32,21,8,10,2,0,0,0,0,0,0,0,0,0,0,0,0,0,0,0,0,0,0,0,0,0,0
"872764",0,0,0,0,0,0,0,0,0,0,0,0,0,0,0,0,0,0,0,0,0,0,0,0,0,0,0,0,0,0,0,0,0,0,0,0,0,0,0,0,0,0,0,0,0,0,0,0,0,0,9,506,2297,4655,6375,7117,6763,6035,4975,3851,2764,1980,1196,845,588,368,254,128,75,44,26,13,10,6,0,0,0,0,0,0,0,0,0,0,0,0,0,0,0,0,0,0,0,0,0,0,0,0,0,0
"878776",0,0,0,0,0,0,0,0,0,0,0,0,0,0,0,0,0,0,0,0,0,0,0,0,0,0,0,0,0,0,0,0,0,0,0,0,0,0,0,0,0,0,0,0,0,0,0,0,0,0,541,4538,7557,7819,6727,5373,4416,3329,2755,2014,1597,1196,888,703,469,294,229,150,94,76,45,31,17,15,6,1,0,0,0,0,0,0,0,0,0,0,0,0,0,0,0,0,0,0,0,0,0,0,0,0
"898176",0,0,0,0,0,0,0,0,0,0,0,0,0,0,0,0,0,0,0,0,0,0,0,0,0,0,0,0,0,0,0,0,0,0,0,0,0,0,0,0,0,0,0,0,0,0,0,0,0,0,3,252,1395,3476,5447,6548,6868,6470,5502,4188,3104,2395,1727,1192,840,564,363,215,138,78,54,36,13,6,3,3,0,0,0,0,0,0,0,0,0,0,0,0,0,0,0,0,0,0,0,0,0,0,0,0
"899885",0,0,0,0,0,0,0,0,0,0,0,0,0,0,0,0,0,0,0,0,0,0,0,0,0,0,0,0,0,0,0,0,0,0,0,0,0,0,0,0,0,0,0,0,0,0,0,0,0,0,25,773,3051,5049,6313,6711,6080,5233,4371,3378,2572,2031,1514,1174,871,559,425,299,195,106,63,41,23,19,3,1,0,0,0,0,0,0,0,0,0,0,0,0,0,0,0,0,0,0,0,0,0,0,0,0
"901139",0,0,0,0,0,0,0,0,0,0,0,0,0,0,0,0,0,0,0,0,0,0,0,0,0,0,0,0,0,0,0,0,0,0,0,0,0,0,0,0,0,0,0,0,0,0,0,0,0,0,77,1605,5365,7593,7855,6548,5409,4261,3262,2362,1841,1348,943,676,500,360,270,197,162,109,61,45,16,7,4,2,0,0,2,0,0,0,0,0,0,0,0,0,0,0,0,0,0,0,0,0,0,0,0,0
"905147",0,0,0,0,0,0,0,0,0,0,0,0,0,0,0,0,0,0,0,0,0,0,0,0,0,0,0,0,0,0,0,0,0,0,0,0,0,0,0,0,0,0,0,0,0,0,0,0,0,0,79,1392,4258,6716,7748,7092,6211,4852,3607,2741,1889,1330,998,665,459,289,174,156,103,41,25,22,13,12,6,2,0,0,0,0,0,0,0,0,0,0,0,0,0,0,0,0,0,0,0,0,0,0,0,0
"927359",0,0,0,0,0,0,0,0,0,0,0,0,0,0,0,0,0,0,0,0,0,0,0,0,0,0,0,0,0,0,0,0,0,0,0,0,0,0,0,0,0,0,0,0,0,0,0,0,0,0,25,867,3144,5222,6398,6811,6458,5425,4409,3429,2463,1859,1363,964,643,455,286,190,161,105,83,53,30,11,12,7,0,4,3,0,0,0,0,0,0,0,0,0,0,0,0,0,0,0,0,0,0,0,0,0
"943862",0,0,0,0,0,0,0,0,0,0,0,0,0,0,0,0,0,0,0,0,0,0,0,0,0,0,0,0,0,0,0,0,0,0,0,0,0,0,0,0,0,0,0,0,0,0,0,0,0,0,160,1734,3827,5983,6342,5700,4900,4223,3347,2796,2230,1815,1407,1248,1008,846,742,591,447,362,318,204,185,141,98,55,68,38,22,21,13,9,0,0,0,0,0,0,0,0,0,0,0,0,0,0,0,0,0,0
"958976",0,0,0,0,0,0,0,0,0,0,0,0,0,0,0,0,0,0,0,0,0,0,0,0,0,0,0,0,0,0,0,0,0,0,0,0,0,0,0,0,0,0,0,0,0,0,0,0,0,0,5,474,2233,4417,6943,7823,7782,6337,4783,3422,2470,1505,1014,588,351,235,173,135,76,63,26,11,6,5,1,0,2,0,0,0,0,0,0,0,0,0,0,0,0,0,0,0,0,0,0,0,0,0,0,0
"966975",0,0,0,0,0,0,0,0,0,0,0,0,0,0,0,0,0,0,0,0,0,0,0,0,0,0,0,0,0,0,0,0,0,0,0,0,0,0,0,0,0,0,0,0,0,0,0,0,0,0,7,408,1924,3566,4634,4821,4988,4669,4374,4016,3724,3312,2646,2105,1688,1225,935,669,436,302,177,102,74,36,13,16,11,1,1,0,0,0,0,0,0,0,0,0,0,0,0,0,0,0,0,0,0,0,0,0
"971160",0,0,0,0,0,0,0,0,0,0,0,0,0,0,0,0,0,0,0,0,0,0,0,0,0,0,0,0,0,0,0,0,0,0,0,0,0,0,0,0,0,0,0,0,0,0,0,0,0,0,67,1552,4954,8322,9244,8133,6317,4308,2821,1993,1333,755,449,258,165,97,58,24,14,8,6,2,0,0,0,0,0,0,0,0,0,0,0,0,0,0,0,0,0,0,0,0,0,0,0,0,0,0,0,0
